seq,timestamp_ms,agent_id,pair,direction,price,quantity,notional_usd,fee_usd,balance_change_usd,account_balance_usd,decision,cert_hash
0,720000,rl-qlearn,BTCUSDT,sell,101.11073593957624,19.780293174754455,2000.0,1.2,-1.80014,9998.19986,ALLOW_CAPPED,2ab87d2af3680912805673c7f43f203c6f46f1e0382cbbdc352971e1e4352341
1,780000,rl-qlearn,BTCUSDT,buy,101.25490158665758,19.75213020466301,2000.0,1.2,-1.79986,9994.749217,ALLOW_CAPPED,a5cbc1d68cc514a8d1ebff1812dd232adf6bbd6bc97d5c21262d7d6e178f5cfa
2,960000,rl-qlearn,BTCUSDT,buy,101.77108757618248,19.65194681154278,2000.0,1.2,-1.79986,9992.934824,ALLOW_CAPPED,5bf3b5a9518b39ad64dca4af68c0be32fc8d22fc9e7cbd3ce0a99417281dadc6
3,1020000,rl-qlearn,BTCUSDT,sell,101.10834591778217,19.629657352657198,1984.72218586,1.190833311516,-1.784872,9979.337314,ALLOW,33e3ab6d446b9e52d489bd3b4de753cf3911fd1b495fba59ad1ac8995ff9726c
4,1080000,rl-qlearn,BTCUSDT,sell,100.70679123148547,19.85963384934769,2000.0,1.2,-1.80014,9977.539533,ALLOW_CAPPED,9093e6e21ca828e10e995eb197e34b67fd58bcc488299510772fc6af3110d989
5,1140000,rl-qlearn,BTCUSDT,buy,100.96830973292865,19.80819531682962,2000.0,1.2,-1.79986,9971.746388,ALLOW_CAPPED,2a52bc99873362039c0d9031f279ba332d624f5150f5e7cd6649a268d0015203
6,1200000,rl-qlearn,BTCUSDT,sell,101.50231229781181,19.70398461595555,2000.0,1.2,-1.80014,9969.912162,ALLOW_CAPPED,85a71e653c7f91aa3de11e8321b4515083954096b6a1fa53b37a651c615cbf32
7,1260000,rl-qlearn,BTCUSDT,buy,103.49606412962375,19.324406360952025,2000.0,1.2,-1.79986,9929.928488,ALLOW_CAPPED,d12955be0fd038f567cf4840ae24da8f8f849aaac3caf1dc5d0a3afbc38a4338
8,2460000,rl-qlearn,BTCUSDT,sell,100.90137077072983,19.8213362685076,2000.0,1.2,-1.80014,9929.235155,ALLOW_CAPPED,1155aeee2c195e9c8276535b010eb1b7726098c278f68bb7450cf1b60bb595c0
9,2520000,rl-qlearn,BTCUSDT,sell,97.97384305986394,20.413611812470812,2000.0,1.2,-1.80014,9986.75933,ALLOW_CAPPED,57545219f5cc99eefc47f8b86114360923495c220b81e6327d93e4cd0656dcac
10,2580000,rl-qlearn,BTCUSDT,sell,98.71932003631757,9.747096756399953,962.22676412,0.577336058472,-0.81612,9955.822624,ALLOW,5134e0552a6b359d06aca3766a025164e872a85debd20be19c384b8e51504493
11,2760000,rl-qlearn,BTCUSDT,buy,100.25842330041381,19.948448560847705,2000.0,1.2,-1.79986,9879.174102,ALLOW_CAPPED,0ab9934c9165e8295422846db48507f7a844de65c35bac82724f0bce20a8f7c8
12,2820000,rl-qlearn,BTCUSDT,buy,102.55175906472742,19.502347090288946,2000.0,1.2,-1.79986,9807.516145,ALLOW_CAPPED,31f4dbd9cfa876c612ac4cdcabd4b77e603b41c3ed8981f7311609d601f6cd00
13,2880000,rl-qlearn,BTCUSDT,buy,102.33312048142542,10.96533102861528,1122.11654127,0.673269924762,-0.960594,9808.903645,ALLOW,7cd2638d511c9e7352fd2378cd782f02b2c5c7be812e2f95be11dbf3111071c1
14,3000000,rl-qlearn,BTCUSDT,sell,100.90140625655823,19.821329297578618,2000.0,1.2,-1.80014,9807.107367,ALLOW_CAPPED,127f9212f9a032740c4fb437a1de8605b4888b76fffe46d03025434b892be613
15,3060000,rl-qlearn,BTCUSDT,buy,100.37882875038476,19.818202472923105,1989.32795217,1.193596771302,-1.789195,9816.873822,ALLOW,b6b1b0acdc46723e425135b325d87ff790671860025544aa51d78471f9d65af9
16,3120000,rl-qlearn,BTCUSDT,sell,99.93701665195162,20.012604608414062,2000.0,1.2,-1.80014,9815.075948,ALLOW_CAPPED,925f162e7a3661dc462a82b1684dbc97eb9f3f2cee8dc76842349b1f64a98c78
17,3180000,rl-qlearn,BTCUSDT,buy,100.1475730572854,19.970528879975756,2000.0,1.2,-1.79986,9810.262677,ALLOW_CAPPED,c13b6fe4b98d6a660b6560f4dc52d254aaca84e3ff1ac726d9db06acf34c6c69
18,3360000,rl-qlearn,BTCUSDT,buy,101.66206991039049,19.673020643420795,2000.0,1.2,-1.79986,9808.390126,ALLOW_CAPPED,616af299b9f19b31061af32bde036a16b241bad87558c1847b79b90f7ae62aa4
19,3420000,rl-qlearn,BTCUSDT,buy,101.22148504416138,19.75865103270744,2000.0,1.2,-1.79986,9797.946377,ALLOW_CAPPED,f675bd559081932535488ba4f8256d69b3415c163d3e340b547b96cf240ce95d
20,3480000,rl-qlearn,BTCUSDT,buy,101.92578198949059,8.827218281658794,899.72112615,0.53983267569,-0.760211,9825.136378,ALLOW,8665bc1bae3b544d6e99fbc7e2f6736bcb0243f1331777ff14bbae49a581e1a6
21,3720000,rl-qlearn,BTCUSDT,sell,101.27142267141986,19.748907907506137,2000.0,1.2,-1.80014,9794.457678,ALLOW_CAPPED,f58231146557c5ea3d2c4b15273da696a4375b6d36284de89b42ca69538956bc
22,3780000,rl-qlearn,BTCUSDT,sell,101.38110543817196,19.727541846737065,2000.0,1.2,-1.80014,9795.780263,ALLOW_CAPPED,69c677ef75b34c26427331ab526f53294bc384a5a9ec8057d08a96f5469d1f66
23,3840000,rl-qlearn,BTCUSDT,buy,100.89792903341153,19.822012395692642,2000.0,1.2,-1.79986,9789.230095,ALLOW_CAPPED,e6d87d1215ca6fb7d6e8b051d83ff5b5c14fa96461a41d750178fe225535c456
24,3900000,rl-qlearn,BTCUSDT,buy,101.0300188231726,19.796096480002564,2000.0,1.2,-1.79986,9791.201118,ALLOW_CAPPED,2dab4f2a201320482e99a0d25679b7e81d66d62f9a0d5f733bf7ac8d758a73a6
25,4020000,rl-qlearn,BTCUSDT,sell,101.29896786488914,19.743537788732127,2000.0,1.2,-1.80014,9805.340283,ALLOW_CAPPED,7dcc035253bdf5e269bdb1db75eae4a05d291e1fdcbb6acd48555cbfd122b7c7
26,4080000,rl-qlearn,BTCUSDT,sell,100.71630702304832,19.857757488490044,2000.0,1.2,-1.80014,9786.865797,ALLOW_CAPPED,6816edf426775cd9b888837255325c1a96f0811ed7b80d0bd5a405c5429b6bd6
27,4140000,rl-qlearn,BTCUSDT,buy,99.27273001278489,20.146519590449753,2000.0,1.2,-1.79986,9771.907798,ALLOW_CAPPED,e4b5697ddeff2aa5efb659174ad4e7e91d7a2216e4588ddf6177366505becebc
28,4200000,rl-qlearn,BTCUSDT,buy,99.5395388663645,20.092518237251166,2000.0,1.2,-1.79986,9777.815804,ALLOW_CAPPED,3888e9a3532508981526a6bba4fbe6775979862f3cfc2a36ef179f47340b20ac
29,4260000,rl-qlearn,BTCUSDT,sell,98.50411046587611,20.30372124108305,2000.0,1.2,-1.80014,9728.200397,ALLOW_CAPPED,d65867a214f82b41920c821087962a782ca0e1162321564c23c645d46d496d19
30,4320000,rl-qlearn,BTCUSDT,buy,98.10290076582243,20.386757011131824,2000.0,1.2,-1.79986,9713.199216,ALLOW_CAPPED,2ef4accc4e3120d4a31c32295a26ebc8d3ae8ac0aadced3bfd9a7a3e341f534e
31,4440000,rl-qlearn,BTCUSDT,sell,96.19242808012602,20.79165730523038,2000.0,1.2,-1.80014,9620.506254,ALLOW_CAPPED,36a72d35ecd3baf543956f2bb5acd56810b6d14b65a0a507723da04c34dbc38c
32,4500000,rl-qlearn,BTCUSDT,sell,96.44017856390965,20.738244472189834,2000.0,1.2,-1.80014,9625.715011,ALLOW_CAPPED,e2cf458c34e75c8f7f992a003f2a2ead110c199d52b8817f81987db3c0dc5aa4
33,4560000,rl-qlearn,BTCUSDT,sell,94.52925353133449,7.545192626254848,713.24142671,0.42794485602599996,-0.596059,9610.65383,ALLOW,fd6ad778d94c7de39236402e1168a7cca8ce9311a1bcaed2109a6b15cc398cd6
34,6180000,rl-qlearn,BTCUSDT,sell,87.57013032676777,22.83883776964821,2000.0,1.2,-1.80014,9608.866056,ALLOW_CAPPED,8173e129870db8eb68964bee39943c0a2e2cdbdc2545331c44010c901efedbd7
35,6240000,rl-qlearn,BTCUSDT,buy,87.81655371650764,22.774749353709183,2000.0,1.2,-1.79986,9602.639516,ALLOW_CAPPED,f4b7c7caefb3ec26795d93305e946fdc3a401e665426e261d78973e21ba3c838
36,6360000,rl-qlearn,BTCUSDT,sell,87.78238802704082,22.783613489575064,2000.0,1.2,-1.80014,9600.838156,ALLOW_CAPPED,423c01f695a30bc826d4d8bb5bd41fa25cbe13e3ea14bf50614c2c272feeafd8
37,6420000,rl-qlearn,BTCUSDT,sell,87.85967462050706,22.763571668556875,2000.0,1.2,-1.80014,9597.271528,ALLOW_CAPPED,50cd42453b295ada3811ced3a9f043c8cbbe55bbb331275c56dd0422c5d833cc
38,6480000,rl-qlearn,BTCUSDT,buy,87.18933634348812,22.938584967786294,2000.0,1.2,-1.79986,9628.4432,ALLOW_CAPPED,26b14ec52c2a169fd5f6092d25e54d55f148a2351f14a24c52fe375b788b3caa
39,6540000,rl-qlearn,BTCUSDT,buy,85.42344934682919,22.667737985013538,1936.35636757,1.161813820542,-1.736426,9666.729149,ALLOW,dfff2e06b1705db0df9cf1b300590668921c65a9984766d503607c72d5d65572
40,6660000,rl-qlearn,BTCUSDT,buy,86.00225386394479,23.255204487593915,2000.0,1.2,-1.79986,9664.925398,ALLOW_CAPPED,cfbae73e3b377444c85116227db2371db51ed454275caaf14927681e9cd1cdd8
41,6720000,rl-qlearn,BTCUSDT,sell,84.83333211448672,23.575638845600245,2000.0,1.2,-1.80014,9637.141107,ALLOW_CAPPED,299f8dc75cd635825653a4fc26e6bcc25b7a3c7a7c432b6270d2e9b052574bbd
42,8340000,rl-qlearn,BTCUSDT,buy,91.14864777613836,21.942179602181398,2000.0,1.2,-1.79986,9633.292382,ALLOW_CAPPED,302f40afa639ae021ffa1be9c4d69af93e53e8d8b50fcc6256197aca36b766a9
43,8400000,rl-qlearn,BTCUSDT,sell,90.93984784578156,21.9925593386923,2000.0,1.2,-1.80014,9628.159781,ALLOW_CAPPED,56a28b0a852785f7d5ec7045cb5ad5552700293906e3a5f15bac9efc226f3806
44,8520000,rl-qlearn,BTCUSDT,sell,90.75921060100055,22.03633093276322,2000.0,1.2,-1.80014,9626.42786,ALLOW_CAPPED,0ebadb85c1a8d0767e2830d701f6b008fe8a0149d8dfa97f24fbab4eb1c1ac17
45,8580000,rl-qlearn,BTCUSDT,buy,89.35698869127538,22.382132939930592,2000.0,1.2,-1.79986,9657.268357,ALLOW_CAPPED,38c4e225d34446577d8ed2d42d484b65ae6a006debd05c7adf6485a70f655b46
46,9000000,rl-qlearn,BTCUSDT,buy,91.3388167081109,21.896495620162767,2000.0,1.2,-1.79986,9655.405612,ALLOW_CAPPED,c5d8c42c9554234e2b401654692a75bd3c6c74ae68dbe7a5f2a61d7720fb9db1
47,9060000,rl-qlearn,BTCUSDT,sell,91.64609656666659,21.823078940903173,2000.0,1.2,-1.80014,9661.524347,ALLOW_CAPPED,dc78a8da26ad9d0024e81ceebf57b4d5d3b1c2d58069b5e9301fcaf7b0d5b150
48,9120000,rl-qlearn,BTCUSDT,sell,94.0876482190371,21.25677533510007,2000.0,1.2,-1.80014,9659.825992,ALLOW_CAPPED,edf99aa9aa057ef0ae220fede44eb0190a63bfeb771e53af58b4b215afcc6828
49,9180000,rl-qlearn,BTCUSDT,buy,92.21858829882392,21.20878314806022,1955.84404145,1.17350642487,-1.755807,9698.903914,ALLOW,4c7a1c526b2fec5ffd8335e51f3626d0e117736b10fe63bd6c21d31dbdf5f597
50,9600000,rl-qlearn,BTCUSDT,buy,92.59122596027517,21.600318812692567,2000.0,1.2,-1.79986,9697.101702,ALLOW_CAPPED,a1c6650ce5db30794dfaf9e98badf83e546a4ab589423803ed031a0f5f3d38b6
51,9660000,rl-qlearn,BTCUSDT,sell,92.25503914816436,21.679032586913113,2000.0,1.2,-1.80014,9689.239414,ALLOW_CAPPED,010d03ca3f592dc9cabad9abdb58c3b35e305058f9051ef69117fe486dec33ba
52,11040000,rl-qlearn,BTCUSDT,buy,95.68440385147007,20.902047977480006,2000.0,1.2,-1.79986,9687.152749,ALLOW_CAPPED,2c84deb084fb68172df65b3d9d84264968cd81cbd1580eadeaeef7129afbe630
53,11100000,rl-qlearn,BTCUSDT,sell,95.84547504315188,20.86692145977213,2000.0,1.2,-1.80014,9689.901756,ALLOW_CAPPED,ea1361eb88afd760196e072b50cdc77db267905359b12d4dbccfa0e079b8a8a4
54,11160000,rl-qlearn,BTCUSDT,sell,95.24747031403668,20.99793299922695,2000.0,1.2,-1.80014,9688.131467,ALLOW_CAPPED,fac8b708202837f5402fc88a6f2dca08fb5e1c6f0760ff0bdfe8ee2e91256344
55,11220000,rl-qlearn,BTCUSDT,buy,95.67333600088818,20.90446600483789,2000.0,1.2,-1.79986,9678.573596,ALLOW_CAPPED,48d454506f7f7ea98fefd1238bb0a64cfc0000d1c2297a8079988764ffe34f5b
56,11280000,rl-qlearn,BTCUSDT,buy,96.16672262431621,20.79721493487073,2000.0,1.2,-1.79986,9676.70302,ALLOW_CAPPED,f255d102d5f5a4a7ee9b0eea5f1e9bed2844ac80dc4f93202a268e5e078a9dd4
57,11340000,rl-qlearn,BTCUSDT,sell,97.22404467375242,20.571042962790255,2000.0,1.2,-1.80014,9697.938926,ALLOW_CAPPED,ff3ed78af5462c3f2318b6c2fce43f47f384b42d77bf83dba102cdd06ca2408d
58,11400000,rl-qlearn,BTCUSDT,sell,98.56539726866123,20.29109662642123,2000.0,1.2,-1.80014,9696.249885,ALLOW_CAPPED,595623f1659a809470b5315cf4e7d2a904e6b9d74e90f0989eb389ef8b4eab68
59,11460000,rl-qlearn,BTCUSDT,buy,98.47716006167637,20.30927779342334,2000.0,1.2,-1.79986,9697.427717,ALLOW_CAPPED,7354a52a6fcf42f168f024489059195cbdc5d0506cd3592cd40a8166440f3f63
60,11520000,rl-qlearn,BTCUSDT,sell,99.65107667804696,20.07002901194542,2000.0,1.2,-1.80014,9695.752124,ALLOW_CAPPED,b88cc84b25cb8a245c7dcfbc728f7671c69dbe54768d248cc3d0f2161a19fc58
61,11580000,rl-qlearn,BTCUSDT,buy,98.80137790789789,20.2426326671718,2000.0,1.2,-1.79986,9712.108812,ALLOW_CAPPED,b3d8ee0f98bcef7b17b2c8db90d1cb79edf084967f6c05161269a8d3196e4125
62,11640000,rl-qlearn,BTCUSDT,sell,97.3019990670769,20.554562282130128,2000.0,1.2,-1.80014,9709.914557,ALLOW_CAPPED,75378e7c24a102774fb8747fcd68e5d9ca6e3726942bf13220fe13d8a7581611
63,11700000,rl-qlearn,BTCUSDT,buy,98.14677469593273,20.37764364846603,2000.0,1.2,-1.79986,9692.17099,ALLOW_CAPPED,6b4ca8bf87b40604f4c1023c9a8f8cdfd906f49d711820452c694a2bfad65402
64,11760000,rl-qlearn,BTCUSDT,sell,95.80443737523143,20.875859770114,2000.0,1.2,-1.80014,9690.150046,ALLOW_CAPPED,5e65a1bb805a6a3b2a9cbf2d69cd30e3fa62e578f0e253c4f92491723651b574
65,11820000,rl-qlearn,BTCUSDT,buy,96.51179974186851,20.722854670094446,2000.0,1.2,-1.79986,9674.850619,ALLOW_CAPPED,63503c27b81e4121619e38c2373caea0e2d135856fcb92c48dd1b04d8ac8953f
66,11880000,rl-qlearn,BTCUSDT,buy,97.38679100801225,20.536666002635357,2000.0,1.2,-1.79986,9673.001479,ALLOW_CAPPED,70f2a3d7dc81c8cbac05627420d6d35a558266e37dd92b0e44f59ef22bfd98de
67,11940000,rl-qlearn,BTCUSDT,sell,100.43623398447785,19.9131321501869,2000.0,1.2,-1.80014,9734.870382,ALLOW_CAPPED,7963dec9f872c0c6c74e8fe8708dbc4cd6d2acb1d86411670fd01fea5c3ba521
68,12000000,rl-qlearn,BTCUSDT,sell,100.21763998605078,19.95656653138488,2000.0,1.2,-1.80014,9732.946219,ALLOW_CAPPED,05ce6aa1c7f2e65dce0510415c796f1f46483fea2411ab7c9cc0a617a329e548
69,12060000,rl-qlearn,BTCUSDT,buy,100.63122720006204,19.874546456875237,2000.0,1.2,-1.79986,9724.295463,ALLOW_CAPPED,8e0cc15960febcd7a892cbaa3a3dd520f8050c0909c0e212f88c27049a9ca9e6
70,12120000,rl-qlearn,BTCUSDT,sell,99.7434989758381,20.051432128769424,2000.0,1.2,-1.80014,9722.093783,ALLOW_CAPPED,e5d0a6088fba6ba6d95f321970884578d79668d5df0b09993ac2568f24387d80
71,12180000,rl-qlearn,BTCUSDT,buy,98.87403977002225,19.560451779642754,1934.02088718,1.160412532308,-1.734106,9738.531221,ALLOW,3ebe24958d69565ce9a1457cd5b6486f707eb8a182a30b22f4dadcc0270cb5aa
72,12240000,rl-qlearn,BTCUSDT,sell,99.1684444414214,20.167705677599855,2000.0,1.2,-1.80014,9736.729029,ALLOW_CAPPED,564ead5bf88f8b79ea5b9e985708a16c58b9aad88535a55bcb274c4b115e7874
73,12300000,rl-qlearn,BTCUSDT,buy,100.07968511708847,19.984075665906573,2000.0,1.2,-1.79986,9717.752105,ALLOW_CAPPED,e0dd7c17960f8f63f74b88b8499b17225b8b7e54152fe2831db724cc7c0a0798
74,12360000,rl-qlearn,BTCUSDT,buy,99.45896454499629,20.10879571438911,2000.0,1.2,-1.79986,9716.069796,ALLOW_CAPPED,6e945c930ba7a99193ce3118b9bf522153cfbe4e42d103dee9e39b671686bd6b
75,12420000,rl-qlearn,BTCUSDT,sell,101.39402192433752,19.725028774304313,2000.0,1.2,-1.80014,9754.015025,ALLOW_CAPPED,7ef5fd542f6552385df13a31fa692825264d89fe2b3c14b98a86f8efc327fc5d
76,12480000,rl-qlearn,BTCUSDT,sell,101.18846400995582,19.765098912888156,2000.0,1.2,-1.80014,9752.174927,ALLOW_CAPPED,4e6350ac9f282688b1197e9c303839092fce442ae49ace564f86d3160ad77cbc
77,12540000,rl-qlearn,BTCUSDT,buy,101.21503941163822,19.75990931412936,2000.0,1.2,-1.79986,9751.043323,ALLOW_CAPPED,00ca0530fedbb2abf67f4735a66ea061aa90adcec1599665fddf26f61a98c054
78,12600000,rl-qlearn,BTCUSDT,buy,103.78879575705139,19.269902742504076,2000.0,1.2,-1.79986,9749.730126,ALLOW_CAPPED,981379c735eb817c303807bedf0449c0c38ceaf29e3e49b042f537583874b7ce
79,12660000,rl-qlearn,BTCUSDT,sell,103.77526000405877,19.27241618013559,2000.0,1.2,-1.80014,9748.878293,ALLOW_CAPPED,3c53bacb84e81f1fe21f41f1256bfae25750562bdd8ce134f6979b92570a341d
80,12720000,rl-qlearn,BTCUSDT,sell,102.88412344389234,19.439345285287835,2000.0,1.2,-1.80014,9746.91179,ALLOW_CAPPED,3680b196a74266052f02d3d43d79e529283e05179942c1c2b3e71133c915a31c
81,12780000,rl-qlearn,BTCUSDT,buy,101.65701067768043,19.673999723849004,2000.0,1.2,-1.79986,9769.918576,ALLOW_CAPPED,07efc2f8623126cb46bcc03fea70a86a5c8e8d8b25b34d723256626cb71db431
82,12840000,rl-qlearn,BTCUSDT,sell,99.6897718180428,20.062238718436117,2000.0,1.2,-1.80014,9767.315116,ALLOW_CAPPED,cd91903d084e0c737a76b3397bb34430def668492dd71ab6340336d594e049b0
83,12900000,rl-qlearn,BTCUSDT,buy,102.92315845302073,19.431972648924294,2000.0,1.2,-1.79986,9703.202306,ALLOW_CAPPED,ff66a1d3317063fea215ee2d60773dca2c7dbf7bd4bf9c28348aa8a2b721d5d5
84,12960000,rl-qlearn,BTCUSDT,buy,102.5751713387712,19.49789577630511,2000.0,1.2,-1.79986,9701.475147,ALLOW_CAPPED,3d74ad4826a7982223566da0c97c3ef0a1aaa3eff6d3893121681aeb38d64208
85,13020000,rl-qlearn,BTCUSDT,sell,103.70451327305241,19.28556373177347,2000.0,1.2,-1.80014,9722.652462,ALLOW_CAPPED,618ab26629e36203b420665a9b69a485058ff3a6a9de4f68e97bf9b923c9b5d7
86,13260000,rl-qlearn,BTCUSDT,sell,102.63550083456674,19.486434846980522,2000.0,1.2,-1.80014,9720.848739,ALLOW_CAPPED,b494560d5f3bef585972c2c3b1e20e057f7e2a7a2ae63fce04558ec03c3c7cf6
87,13320000,rl-qlearn,BTCUSDT,buy,103.92940254848304,19.24383236078934,2000.0,1.2,-1.79986,9695.047037,ALLOW_CAPPED,5d6a02b7ccd562a5de497bc64df82ab6ead454668cdb9458f8b93434baed651f
88,13380000,rl-qlearn,BTCUSDT,buy,106.68142081550563,18.747406855958463,2000.0,1.2,-1.79986,9692.588948,ALLOW_CAPPED,18a8b444cfc898850f065ddc43c5da61a8b7de12ad895377548a49b1c5b037b2
89,13440000,rl-qlearn,BTCUSDT,sell,104.79819074014101,18.513653057054576,1940.19734437,1.164118406622,-1.740509,9657.16175,ALLOW,ed5844f1d9fd94f3d5b2581225af4365eb1b135c66fd13969c75115675f1b19f
90,14100000,rl-qlearn,BTCUSDT,buy,111.18989621185705,17.987245857206982,2000.0,1.2,-1.79986,9655.3271,ALLOW_CAPPED,760912b1186cdc15d490bcc1baf490ce67d128eab0784cbedb221d34520266ed
91,14160000,rl-qlearn,BTCUSDT,sell,110.60990740359895,18.081562917346094,2000.0,1.2,-1.80014,9644.294252,ALLOW_CAPPED,ad107d9afffa1e330f3e785d907268a268457f70c73a948c8354ef82f90451df
92,14220000,rl-qlearn,BTCUSDT,buy,108.9146850363002,18.362996682526507,2000.0,1.2,-1.79986,9642.670175,ALLOW_CAPPED,d8e06535e5a1ebb940b3255080ffd1e41266de79189c3b8153c5e4743b77ab62
93,14280000,rl-qlearn,BTCUSDT,sell,107.16258391517053,18.663230457219957,2000.0,1.2,-1.80014,9610.05497,ALLOW_CAPPED,3f352fd395a1b0e9974c2f3d7ae2e2be50cb1a591e5cf4410ee72e36d8071c86
94,14580000,rl-qlearn,BTCUSDT,sell,108.40088687980068,18.45003355201034,2000.0,1.2,-1.80014,9607.759299,ALLOW_CAPPED,f3d42ff4859e831579257d839b0a5bc57f1fe0d6e463e708c270d9171ba2927c
95,14640000,rl-qlearn,BTCUSDT,buy,108.0960309300542,18.502066938000173,2000.0,1.2,-1.79986,9612.930295,ALLOW_CAPPED,45bc4355fb1b60fb523b480bdabe74298c80dada286afe2735ec089d16a862be
96,15300000,rl-qlearn,BTCUSDT,buy,98.45617238704033,20.313607075215305,2000.0,1.2,-1.79986,9614.484252,ALLOW_CAPPED,efaa8e763c8d1fcb94539cad8eaa8a67d340b8b822d6c2e5ebfb83a7b9d2b0aa
97,15360000,rl-qlearn,BTCUSDT,sell,100.01732920778436,19.99653475894195,2000.0,1.2,-1.80014,9645.042325,ALLOW_CAPPED,1a5ce0ff9832442338cb41af33b3ded4de1626d01bf9e19be1090f9d4e1bf09b
98,16440000,rl-qlearn,BTCUSDT,sell,105.53017133784319,18.95192601931083,2000.0,1.2,-1.80014,9643.071547,ALLOW_CAPPED,0de43d647e867776355ceedb4e54aaaf3233260416f47d6f20a6ad670a5743d0
99,16500000,rl-qlearn,BTCUSDT,buy,105.46763750351178,18.96316298858411,2000.0,1.2,-1.79986,9643.660362,ALLOW_CAPPED,51ef1ea986828f7b4f882f237a0609029381c037f26a78a918f0efe3c972c445
100,16560000,rl-qlearn,BTCUSDT,buy,103.53827865299455,19.316527433326762,2000.0,1.2,-1.79986,9641.898512,ALLOW_CAPPED,a3d62b1f87feb701ad1bcb7ad6162cf866c8ac9c587577dbe5d9fac92ec14191
101,16620000,rl-qlearn,BTCUSDT,sell,104.48169701691121,19.142108686043677,2000.0,1.2,-1.80014,9659.507585,ALLOW_CAPPED,ed987723abd3e7adeef0e49313b10fe2df91f6d9042d55edda8a4796ff339586
102,16980000,rl-qlearn,BTCUSDT,sell,101.86262789340059,19.634286306583444,2000.0,1.2,-1.80014,9657.302122,ALLOW_CAPPED,2ad79a14bf16faaeea528bc3d61641b4f4db3f4bea62543dc5208612c013c130
103,17040000,rl-qlearn,BTCUSDT,buy,103.84633767415642,19.259225166663988,2000.0,1.2,-1.79986,9618.062574,ALLOW_CAPPED,127e80bd5c19affff5efa187422d796c35399b7ba089dbbcafbfac613c189b00
104,17100000,rl-qlearn,BTCUSDT,buy,106.29519955198369,18.815525145346754,2000.0,1.2,-1.79986,9615.723272,ALLOW_CAPPED,646cdaacc6ee4642b3e50fb86c996341ec07f757a98161552385eaef68386b02
105,17160000,rl-qlearn,BTCUSDT,buy,107.0960353008213,18.674827638410836,2000.0,1.2,-1.79986,9628.810627,ALLOW_CAPPED,128509a3a38b86f3d7d61e598fbb44a50919b6788f28a1dd9a470910225e031b
106,17220000,rl-qlearn,BTCUSDT,buy,109.67008825813477,7.076266008680231,776.05471771,0.465632830626,-0.650923,9724.315922,ALLOW,3a5fbbf7e713f0f5a84f56aef7d28fb2295c9d6d02e120c8ef0da0031bba0d85
107,17340000,rl-qlearn,BTCUSDT,sell,106.06656346305921,18.856083714794423,2000.0,1.2,-1.80014,9565.285523,ALLOW_CAPPED,c3e0f408fab6353f6d9f2d847808e1a04f8053611f7a905ec903001c54d48471
108,17400000,rl-qlearn,BTCUSDT,sell,106.27635333842836,18.818861742754414,2000.0,1.2,-1.80014,9568.834571,ALLOW_CAPPED,a4d4702c3791d7ca508187642eecdacc65122647a505a6cc4da5863a6a462923
109,17460000,rl-qlearn,BTCUSDT,sell,108.70459444371149,18.398486377092585,2000.0,1.2,-1.80014,9583.238876,ALLOW_CAPPED,abad6c71cfc15098c0134145d94f872ba9929817e05ac9350902685816a8590a
110,17520000,rl-qlearn,BTCUSDT,buy,107.67832034822844,18.573840987972883,2000.0,1.2,-1.79986,9594.235566,ALLOW_CAPPED,b709861db3d2aefb60be430109929ebd18a5fdf4c5af439ce66a1275d9bb7517
111,17580000,rl-qlearn,BTCUSDT,sell,109.30540035750579,18.297357618732367,2000.0,1.2,-1.80014,9604.021207,ALLOW_CAPPED,48c6cadc0183eddf7f252a11a3fb42cd18f3d0710e88353231c60cb81d0e4723
112,17640000,rl-qlearn,BTCUSDT,buy,108.69390050567701,18.400296527177634,2000.0,1.2,-1.79986,9609.972308,ALLOW_CAPPED,bf9496ff826e2d3da2d5f0d0da9b1e5fad1c8ab072b502208b1e5a08492a5255
113,17700000,rl-qlearn,BTCUSDT,sell,108.50146599439151,18.432930667530158,2000.0,1.2,-1.80014,9607.287649,ALLOW_CAPPED,b87f16df514eb0449a0c3d6f48a914b6fbabee8e2c1b50a8d360d0e76c9eb255
114,17760000,rl-qlearn,BTCUSDT,buy,109.11860091721398,18.328680749099398,2000.0,1.2,-1.79986,9599.150735,ALLOW_CAPPED,6cd49a08fa6b43c2d87bd6e28a9c46764ecd32970b503fc56039b54fdb64c49b
115,17820000,rl-qlearn,BTCUSDT,sell,107.9835553390159,18.521338677180722,2000.0,1.2,-1.80014,9590.026633,ALLOW_CAPPED,a330b9c84024e497d7c7b4c50bb9fe3aa35d317dcdc9e67e66c7b25e4284c4ea
116,17880000,rl-qlearn,BTCUSDT,buy,108.15919650476893,18.491261627593698,2000.0,1.2,-1.79986,9586.933095,ALLOW_CAPPED,3b5c3cadcac10a8a8a1d20b91576692b5bef2ce462324d80b86a5d1b8975a41b
117,17940000,rl-qlearn,BTCUSDT,sell,108.23161685745012,18.47888868401701,2000.0,1.2,-1.80014,9586.06895,ALLOW_CAPPED,dfa100a8aca3bf992dc0623d56a8fe80a11ec34055a6b57c29e2e15cf90f7388
118,18000000,rl-qlearn,BTCUSDT,buy,107.5876277056589,18.589498092398255,2000.0,1.2,-1.79986,9592.53549,ALLOW_CAPPED,f480c2f14adb69174870661cd373c41c3b184376a268c2bdff520ce5e2329c02
119,18060000,rl-qlearn,BTCUSDT,sell,107.37472059956147,18.62635813003613,2000.0,1.2,-1.80014,9589.707419,ALLOW_CAPPED,733e0de6f7a4e94cd92dcbd6cb63cf9cd7c0936a83598b0a72ff38db739200d8
120,18120000,rl-qlearn,BTCUSDT,buy,108.35650314227277,18.45759084135437,2000.0,1.2,-1.79986,9577.177499,ALLOW_CAPPED,d611ca9c4e19ac6161c94c54652ec47dd5967249fc6ebaa3c545b9b7230a4caf
121,18180000,rl-qlearn,BTCUSDT,sell,106.36760363955953,18.802717477562627,2000.0,1.2,-1.80014,9562.373375,ALLOW_CAPPED,a4b5fdd33d2d93b929d6622e2c1b973210f8c446be2bd377dfdbefdf41e6ca0c
122,18240000,rl-qlearn,BTCUSDT,buy,107.62803280660225,12.042395315995156,1296.09931814,0.7776595908839999,-1.120804,9546.797668,ALLOW,1513d76e471b4ec9f179dd430a21556658ac9c7a03e0f266b32809353e102dc6
123,18960000,rl-qlearn,BTCUSDT,sell,106.76612703760466,18.732533018600268,2000.0,1.2,-1.80014,9545.000084,ALLOW_CAPPED,d737891e6202838a1c58b55561461ed0f87d1c94b8f9a008596b72b548b9fcdb
124,19020000,rl-qlearn,BTCUSDT,buy,104.86251833059522,18.73013632161595,1964.08926336,1.178453558016,-1.764018,9580.087531,ALLOW,7ac83ebcd297c0980114253fa45d52fa4b9213f481b286b7dde23c3b84c1935a
125,19080000,rl-qlearn,BTCUSDT,sell,103.0179562242208,19.414091225484583,2000.0,1.2,-1.80014,9578.297347,ALLOW_CAPPED,92284b5a78acd149fd2ab80b1b72093336d4f8acea8bbd5a59142d63e16db848
126,19140000,rl-qlearn,BTCUSDT,buy,104.1353565431985,19.20577281713478,2000.0,1.2,-1.79986,9556.004787,ALLOW_CAPPED,c821d4b1bae2f6d21cc84b3dfa0d5a514ffe92870d37b429eaf6c897c687dc40
127,19620000,rl-qlearn,BTCUSDT,sell,105.98469181828894,18.870649767317396,2000.0,1.2,-1.80014,9553.795583,ALLOW_CAPPED,3210bb2258a714b2a936099ca85b24dfdce24a19ede06f3b8b50061edf2740c6
128,19680000,rl-qlearn,BTCUSDT,buy,107.72905268105767,18.565094096958177,2000.0,1.2,-1.79986,9519.928961,ALLOW_CAPPED,8558ec9b2e7f84a0ddc18a996f383e274d35cd1465ce4fdb6b254930f094a6d6
129,19740000,rl-qlearn,BTCUSDT,sell,107.24523515438656,18.648847169022183,2000.0,1.2,-1.80014,9518.346644,ALLOW_CAPPED,a5e32280335ce8b4813e32d30df649cad6b4b3c779d2d76f801f6026bd44aa5e
130,19800000,rl-qlearn,BTCUSDT,buy,108.7674841941262,18.387848306120944,2000.0,1.2,-1.79986,9488.610024,ALLOW_CAPPED,8d6c8a3f655022ba5382dacea7b14342b76895bb5a28a0f30106e73309fc03e8
131,20760000,rl-qlearn,BTCUSDT,buy,101.4823207406401,19.707866211607737,2000.0,1.2,-1.79986,9492.494228,ALLOW_CAPPED,522487ce37b2f289352967037072b0e51473be94ca7036b6624debd6c571211b
132,20820000,rl-qlearn,BTCUSDT,sell,101.15707861824914,18.93300675119031,1915.20765241,1.149124591446,-1.715697,9485.765051,ALLOW,fcdfcf13c4d40e562de7d1d57af029acd84facb541bc72972c689219211fb84e
133,20880000,rl-qlearn,BTCUSDT,sell,100.31865189493307,19.936472054017074,2000.0,1.2,-1.80014,9483.969604,ALLOW_CAPPED,9c015e00738d1766f7da2972902c3e8ecb4686cd4761babc334f684ae4af817b
134,20940000,rl-qlearn,BTCUSDT,buy,101.84820056706518,19.637067605166344,2000.0,1.2,-1.79986,9452.876861,ALLOW_CAPPED,11dc132b360d5574ec991228801f6f5d4f9b1f535c72a37b707bea67749ec499
135,1778392800000,rl-qlearn,BTCUSDT,sell,80671.29296391,0.02479196659082608,2000.0,1.2,-1.80014,9998.19986,ALLOW_CAPPED,be790d15c8f1e2c588ac6b31d1aecfa629263587e2fe0fa63492b0a131427aa8
136,1778396400000,rl-qlearn,BTCUSDT,buy,80723.81149399199,0.024775837054582753,2000.0,1.2,-1.79986,9996.298353,ALLOW_CAPPED,846f27f8872bc1163fac50d5681dfb75bcdb2c4ab1de4d8b21bc608734d84d21
137,1778407200000,rl-qlearn,BTCUSDT,buy,80865.854096832,0.024732317766719192,2000.0,1.2,-1.79986,9994.496202,ALLOW_CAPPED,4ef54a21d3a9b2a5c09d4e08986da4049cf65048064ff6650bf2e5c99441cd2a
138,1778410800000,rl-qlearn,BTCUSDT,sell,80765.27765652949,0.0247236008714268,1996.80848905,1.19808509343,-1.796949,9991.41154,ALLOW,23a8ce0a4420a73edf50968670f538363a5146f4cda43c37f47246bc89a6cbf4
139,1778414400000,rl-qlearn,BTCUSDT,sell,80865.73461780002,0.024732354308690887,2000.0,1.2,-1.80014,9989.610655,ALLOW_CAPPED,b7805e92d208a47331a3f39ad2fde1a102ed06029f83ba5c1f730ba76bc8debf
140,1778418000000,rl-qlearn,BTCUSDT,sell,80909.22156867001,0.024719061204939934,2000.0,1.2,-1.80014,9986.734336,ALLOW_CAPPED,948e4e5b26c27d1ec6e6b44938ed11bc7b70015543098e6f763337620427dfef
141,1778421600000,rl-qlearn,BTCUSDT,buy,80966.684338848,0.024701517869126763,2000.0,1.2,-1.79986,9984.494292,ALLOW_CAPPED,1d5191c60c54cb8b182913e11d083402fb26e32c5312ba92a8e583afb3a8e371
142,1778425200000,rl-qlearn,BTCUSDT,sell,81339.59242728,0.024588271717590163,2000.0,1.2,-1.80014,9972.25647,ALLOW_CAPPED,a59694b5f0422d02121dc83aa623e1d9211a9c603c62daefdf9867830f5168e5
143,1778428800000,rl-qlearn,BTCUSDT,sell,81308.67563758173,0.011976241626052412,973.77234573,0.584263407438,-0.826475,9973.162025,ALLOW,dc9ffb583573cb2213496bcc7ddbe8f6d46ba45422000aa66335ad13ab75191b
144,1778432400000,rl-qlearn,BTCUSDT,buy,81454.33059859798,0.02455363619469024,2000.0,1.2,-1.79986,9965.16866,ALLOW_CAPPED,4d22becb3ca91e8f349fbf6f6e5a38136f08128f7a11c76fb76beee664b35c56
145,1778436000000,rl-qlearn,BTCUSDT,buy,81251.66981454601,0.024614878741137595,2000.0,1.2,-1.79986,9970.818035,ALLOW_CAPPED,15b5444f8ba5ed858948284a181204984ea1a58d08b92e619c2f8d287efd2698
146,1778439600000,rl-qlearn,BTCUSDT,buy,81414.018507792,0.024565793909418477,2000.0,1.2,-1.79986,9967.045693,ALLOW_CAPPED,2887fb1a4f3683d2d763fa702ec479d5afce9a40e552c7309dc015598865eedb
147,1778443200000,rl-qlearn,BTCUSDT,sell,80673.92117274464,0.012415589929430522,1001.61432328,0.600968593968,-0.851501,9957.561309,ALLOW,364a91a51a43029dff10582e31a33a75238b85c94904f79ca8d7a1fd87aa400e
148,1778450400000,rl-qlearn,BTCUSDT,buy,82024.50160999798,0.02438295827153456,2000.0,1.2,-1.79986,9955.757395,ALLOW_CAPPED,2718a84bd9b4aacccca0481a7fa0035bf6ff0f2a4e5eaf4f44a405b98f89edab
149,1778454000000,rl-qlearn,BTCUSDT,buy,82187.750573262,0.024334526569348116,2000.0,1.2,-1.79986,9957.936327,ALLOW_CAPPED,c6faeff348ef27370d7fd7d16094058d712ff03ec9a5fce6512603479be08cd5
150,1778457600000,rl-qlearn,BTCUSDT,sell,81405.372688596,0.02456840296832371,2000.0,1.2,-1.80014,9920.413932,ALLOW_CAPPED,ad5d96e58f7e9b47e146f7d911d041052e441f3f68fa1ffd2aabc8b45d129621
151,1778461200000,rl-qlearn,BTCUSDT,buy,81494.24256939601,0.024541611001500017,2000.0,1.2,-1.79986,9919.579911,ALLOW_CAPPED,9b9cfea239b29361ec99fb89e820b0f6d8ef0d8d26c9f4d76481f9d267cdfe13
152,1778464800000,rl-qlearn,BTCUSDT,sell,81122.057702928,0.024654206964572753,2000.0,1.2,-1.80014,9902.034205,ALLOW_CAPPED,c21014df69239aab94f5a52c316490ff5139b75bd57693c2ba00c15037ab245a
153,1778468400000,rl-qlearn,BTCUSDT,sell,80692.12938942715,0.024040520613949453,1939.88079997,1.163928479982,-1.740194,9889.952446,ALLOW,33d2a93382a9a8fbef8430fe2eacbc5f703855aaaac070306e99ec3807c31c63
154,1778472000000,rl-qlearn,BTCUSDT,buy,80824.34164600201,0.02474502061222704,2000.0,1.2,-1.79986,9888.151987,ALLOW_CAPPED,45d70caf7a3d53b89d0a5d116a9bf03394b6f98ef7e01210a286f14225109c14
155,1778475600000,rl-qlearn,BTCUSDT,sell,80789.36094127233,0.024745303247951596,1999.1572357,1.1994943414199999,-1.799297,9886.686651,ALLOW,6b55f5cc49a2cd1fe92d3646d31ee355ea660014bc6dd638b3c7651994df1d2f
156,1778515200000,rl-qlearn,BTCUSDT,buy,81544.4576304,0.0245264982822621,2000.0,1.2,-1.79986,9884.881548,ALLOW_CAPPED,2f52a5f403bf573e96ce5f34fd4aa7fb900ecf2d7c1524bc327affde10a24809
157,1778518800000,rl-qlearn,BTCUSDT,sell,81864.03505777201,0.02443075275471807,2000.0,1.2,-1.80014,9892.119139,ALLOW_CAPPED,947de28b385ff8925996e2f628fe376d61317fa672d3a0b624c111fc2d0385df
158,1778529600000,rl-qlearn,BTCUSDT,sell,81746.67027542401,0.0244658283115572,2000.0,1.2,-1.80014,9890.30863,ALLOW_CAPPED,aa0fd50394d616d41508876f2d43272f60dd1e2abe79f023f8fed82c774d6163
159,1778533200000,rl-qlearn,BTCUSDT,sell,81752.06865553201,0.024464212745822226,2000.0,1.2,-1.80014,9888.376852,ALLOW_CAPPED,c4e4844d4d84a9d433270e77ca68c8eaa8de5e69d4df0a576b009fc4b1a85e20
160,1778536800000,rl-qlearn,BTCUSDT,sell,81761.26143051968,0.011615767913598878,949.7198371,0.56983190226,-0.804918,9887.332609,ALLOW,a300e544ab36d2b3b69f0053c70ffe9f44cbe5833d2caa6654af92775e54587d
161,1778544000000,rl-qlearn,BTCUSDT,buy,81528.45283008,0.024531313064021475,2000.0,1.2,-1.79986,9902.309701,ALLOW_CAPPED,96564124c24885c162e65945b1c2938f95831068954b496b40b727bffb427499
162,1778547600000,rl-qlearn,BTCUSDT,buy,81182.148963156,0.024635957849646076,2000.0,1.2,-1.79986,9912.947482,ALLOW_CAPPED,1597590e491233cd8c0d4d399c3cc1728ac7a085d488c6857511272276dfbdd2
163,1778551200000,rl-qlearn,BTCUSDT,buy,81248.668914486,0.02461578788576825,2000.0,1.2,-1.79986,9910.396823,ALLOW_CAPPED,e2a654c3d4c181cb1e8ed088db5b63dd87d36f33db03be89e595ff0d7ae8c4c7
164,1778554800000,rl-qlearn,BTCUSDT,sell,81006.62141700592,0.013328958475403453,1079.7338931,0.64784033586,-0.922131,9906.848221,ALLOW,5ab0b11dea43c1206663446f97088d6de9f436aae420a550a235afbceb2faad7
165,1778558400000,rl-qlearn,BTCUSDT,buy,81221.16066393601,0.02462412484198892,2000.0,1.2,-1.79986,9905.047787,ALLOW_CAPPED,250a9f311e8dd42204bcde220ed5ed487008de11d56b4f17f26a219178b600a1
166,1778562000000,rl-qlearn,BTCUSDT,sell,81165.04909388874,0.0246281263130599,1998.94308129,1.199365848774,-1.799083,9903.06651,ALLOW,21e36f2079da507caae0dbd1fe16d3c6aaabf0313a80e7ef03feab6574f0a2e3
167,1778605200000,rl-qlearn,BTCUSDT,buy,80509.64725971,0.02484174341924951,2000.0,1.2,-1.79986,9901.271849,ALLOW_CAPPED,171d986dd9a2a21631d997593fae2ad3ad1102ee149eed3f6370cd842d69a3d9
168,1778608800000,rl-qlearn,BTCUSDT,sell,80608.011952644,0.02481142942930996,2000.0,1.2,-1.80014,9903.11491,ALLOW_CAPPED,7ad52544173459f14db365883d08b43dc74c9649114cef4f900a4d2890c8b93b
169,1778720400000,rl-qlearn,BTCUSDT,sell,79536.13359119999,0.025145803670563176,2000.0,1.2,-1.80014,9901.290187,ALLOW_CAPPED,dfabfd69ab21f5804b6ce1b2f09eace43ad695f4d964df1f173988754b72cef2
170,1778724000000,rl-qlearn,BTCUSDT,sell,79308.102016638,0.025218104445122406,2000.0,1.2,-1.80014,9905.220575,ALLOW_CAPPED,112d215d95470e982d482a40ba05384ef5f74b8d17d77d4a8889b245ed732506
171,1778727600000,rl-qlearn,BTCUSDT,sell,78992.4148665725,0.012445665894131661,983.1132036,0.5898679221600001,-0.834863,9920.484758,ALLOW,bb88187b311420a0894fb23aa0c0fe10f2cb738b9b91681df2b76d73e06bbaf8
172,1778738400000,rl-qlearn,BTCUSDT,buy,79781.528875152,0.025068459180943338,2000.0,1.2,-1.79986,9871.877453,ALLOW_CAPPED,606e1282192a208a35e0b827660506f44c84e05c83e0359a4f1785e12c8d34f0
173,1778742000000,rl-qlearn,BTCUSDT,buy,79713.90859379999,0.0250897244317983,2000.0,1.2,-1.79986,9872.627342,ALLOW_CAPPED,5c2a609407779b55b195e9fc61193981d652e25bc953ac6fcc32d348b3c22071
174,1778745600000,rl-qlearn,BTCUSDT,buy,79794.77454834686,0.012625301843538718,1007.43311421,0.604459868526,-0.856645,9870.699804,ALLOW,77d689f105b9f34984dd3f503be54ae275b68851cd959e3c0bb3497b288f44c6
175,1778749200000,rl-qlearn,BTCUSDT,buy,79623.981622002,0.02511806065532589,2000.0,1.2,-1.79986,9868.900496,ALLOW_CAPPED,2b63fe0ac3098593564f6dab76c056e607991c7c1105e99c9bd8925cccbc5e6e
176,1778752800000,rl-qlearn,BTCUSDT,sell,79509.14169066,0.025154340211358883,2000.0,1.2,-1.80014,9865.415147,ALLOW_CAPPED,2e1be7e2b4c83f473e193d6a5872699c207f7a727176dafc3f6259e5bf7626ab
177,1778756400000,rl-qlearn,BTCUSDT,buy,79238.566024296,0.025240234652741736,2000.0,1.2,-1.79986,9863.627837,ALLOW_CAPPED,13317a1a7837635686806cb03b2face7bf79bf5ad3ddd638fd1b746eeba54437
178,1778760000000,rl-qlearn,BTCUSDT,sell,79707.58214463,0.02509171582160133,2000.0,1.2,-1.80014,9874.848947,ALLOW_CAPPED,819630366f14711aa9b6ba2e130c9724e10744895ede4715588bc30621149ff7
179,1778763600000,rl-qlearn,BTCUSDT,sell,79630.505273088,0.0251160028828289,2000.0,1.2,-1.80014,9873.040397,ALLOW_CAPPED,826105ce46c98f0270abb8c1d764efdf8d8aac6d6427e5e9db39f33fe6298b4a
180,1778767200000,rl-qlearn,BTCUSDT,buy,80932.874198172,0.024711837060213702,2000.0,1.2,-1.79986,9839.876852,ALLOW_CAPPED,e3c466a0fea1913b200634f874c0be5e3de3f4f8d88e70f17f0462495eeb2ddd
181,1778781600000,rl-qlearn,BTCUSDT,buy,81545.557960422,0.024526167335450655,2000.0,1.2,-1.79986,9837.89625,ALLOW_CAPPED,a0fe01d94dd98f9d58bda2d044285d3905486f86176bd522e25867f9376587f5
182,1778785200000,rl-qlearn,BTCUSDT,sell,81348.30479124714,0.024238316352379042,1971.74594626,1.183047567756,-1.771923,9832.526013,ALLOW,0fed17a64e6862cccfa95bedcf08a048b4b4fd0b26f222d32a3d76bb92d01316
183,1778850000000,rl-qlearn,BTCUSDT,buy,78755.12102463,0.025395173976997847,2000.0,1.2,-1.79986,9830.745266,ALLOW_CAPPED,47b75f492cebd5239c23632bbb841d6be46e443ad431c69cbe4b464eafec5994
184,1778853600000,rl-qlearn,BTCUSDT,sell,79098.66486244799,0.025284876849413145,2000.0,1.2,-1.80014,9838.86927,ALLOW_CAPPED,63e263cc9cd659e48f4afced23f0df4259eb299ba92ff2da87907645532363bf
185,1778860800000,rl-qlearn,BTCUSDT,sell,79252.118815518,0.025235918356398428,2000.0,1.2,-1.80014,9837.08495,ALLOW_CAPPED,ef037df75ffd8fc4deb0c95ae90fcef5e18960861c845e4c14ecf0d001c94fc5
186,1778864400000,rl-qlearn,BTCUSDT,buy,79462.21926137754,0.025125324280747867,1996.51402701,1.197908416206,-1.796375,9831.204485,ALLOW,f0cee9c17ee2416fb784a239a6ecd936ee6b5569176daa5936c0c7eaeb25a6d0
187,1778871600000,rl-qlearn,BTCUSDT,buy,79132.93434218399,0.025273926925945486,2000.0,1.2,-1.79986,9829.407105,ALLOW_CAPPED,8a4ebbd878e49fd11282721109f4b6f55d3a13d4faefc60e4863ee078b357d5c
188,1778875200000,rl-qlearn,BTCUSDT,sell,79076.67707042031,0.02527397310031375,1998.58180914,1.199149085484,-1.798722,9827.386039,ALLOW,8afab0ab7e7a7c0488c3f467db04996e0778cf25832df2f5c1f12415f2a58bb5
189,1778878800000,rl-qlearn,BTCUSDT,buy,78977.587749078,0.02532363999713765,2000.0,1.2,-1.79986,9825.58729,ALLOW_CAPPED,99708ff730680924756f8fadb4364f407502056bc5b5bc6f8c52830046a9dcc3
190,1778882400000,rl-qlearn,BTCUSDT,sell,79065.17491177798,0.02529558686528712,2000.0,1.2,-1.80014,9827.204818,ALLOW_CAPPED,0b79f8377dc8e2aaaae01b0970a0af4e81751f4511f471c2fa9584f84f75672e
191,1778889600000,rl-qlearn,BTCUSDT,buy,79118.7300819,0.025278464377900073,2000.0,1.2,-1.79986,9825.405083,ALLOW_CAPPED,f08d44d5c6529f70808213111937814203d32b7f52f16c209b2600d3af06a127
192,1778893200000,rl-qlearn,BTCUSDT,sell,79124.65706296799,0.02527657084704184,2000.0,1.2,-1.80014,9824.955906,ALLOW_CAPPED,d13b06aaf477e4417a4d03549a8dbd44532c0c5f01f75739083edad93392ee28
193,1779012000000,rl-qlearn,BTCUSDT,buy,78457.03161867,0.025491660323331312,2000.0,1.2,-1.79986,9823.140056,ALLOW_CAPPED,730a46383fc8ded1236da67790fdbbbc75d861e66943c4ae5b8f5ef1580d8d44
194,1779015600000,rl-qlearn,BTCUSDT,sell,78356.48839268864,0.025521682817355534,1999.78944344,1.199873666064,-1.799929,9819.975126,ALLOW,b671d6eefe51b8bdc0e83a9e357c9b2bcb262938d258d3b0b261e53ebe9f2862
195,1779019200000,rl-qlearn,BTCUSDT,sell,78306.602536602,0.02554063048598184,2000.0,1.2,-1.80014,9818.175368,ALLOW_CAPPED,634cf639046b5dae18253d68458e39b68da191985c3359a095706473916377dd
196,1779022800000,rl-qlearn,BTCUSDT,buy,78194.24158467421,0.025540627178247743,1997.1299718,1.19827798308,-1.796991,9820.448219,ALLOW,8192154756007e98bef8ee3b551f8868e0786a432591f0c58e1f421fb8a6a105
197,1779030000000,rl-qlearn,BTCUSDT,buy,78036.605520264,0.0256289979127892,2000.0,1.2,-1.79986,9818.649566,ALLOW_CAPPED,892421f0dfb139e230205a40f6593d4822b7db0840bddfcd2d8d115eab1d90fa
198,1779033600000,rl-qlearn,BTCUSDT,sell,77976.50758809569,0.025629025103390192,1998.46187045,1.19907712227,-1.798602,9816.510201,ALLOW,98c7bbc6e719098eef74ddf8a816398ee0435c822a87cf7ee9b2c5b92a1bc1fe
199,1779058800000,rl-qlearn,BTCUSDT,buy,77447.528838486,0.025823935637390407,2000.0,1.2,-1.79986,9814.714765,ALLOW_CAPPED,d70567a8489c8fe181e215469fc77a64d77111f977867215f18bafcb8ae889bd
200,1779062400000,rl-qlearn,BTCUSDT,sell,77157.0764105784,0.025823986413990453,1992.50329297,1.195501975782,-1.792645,9806.620373,ALLOW,d7066f6bbb6353d6076e09dadeef9af42986794e60eb829310611b7052526bbf
201,1779073200000,rl-qlearn,BTCUSDT,buy,76932.27429818398,0.025996891658865345,2000.0,1.2,-1.79986,9804.82261,ALLOW_CAPPED,f1dbb4c23df2b1b29da2f0a5395bd40c6f62876ab2f364d4e0cf8f6b461754c3
202,1779076800000,rl-qlearn,BTCUSDT,sell,76992.89674032001,0.02597642230224896,2000.0,1.2,-1.80014,9805.798112,ALLOW_CAPPED,6c848876b78dc62b91208be2088f2b46dfc231e17dfe3ebfa899a65509d06814
203,1779105600000,rl-qlearn,BTCUSDT,buy,77637.885932292,0.02576061900686219,2000.0,1.2,-1.79986,9804.005873,ALLOW_CAPPED,76880c6740b0a040d89dce5cee817ce6cae53219c2dede635b538e509fa8a9ce
204,1779109200000,rl-qlearn,BTCUSDT,sell,76896.99288978965,0.02578106259202281,1982.48618683,1.189491712098,-1.782639,9784.321064,ALLOW,54865545f5b738eb645c70a9eaad227481b54fa06524da97e72f310958753e01
205,1779145200000,rl-qlearn,BTCUSDT,sell,76935.81386917799,0.025995695624937552,2000.0,1.2,-1.80014,9782.520624,ALLOW_CAPPED,c95fe46647ff0ff19267a8bd3f57534947543aec53d14a39d85f9f9adff4a13d
206,1779148800000,rl-qlearn,BTCUSDT,buy,77125.032112038,0.025931917890090986,2000.0,1.2,-1.79986,9777.002277,ALLOW_CAPPED,38fe929951708341ca5872c2120eb54ecde2a8db7db78ec41900c569d73a96f1
207,1779152400000,rl-qlearn,BTCUSDT,buy,76651.790172576,0.026092019449214996,2000.0,1.2,-1.79986,9775.236238,ALLOW_CAPPED,4114695dbe1110b73806592ea4d6344db9bdef364b045b204906321c825e89c0
208,1779156000000,rl-qlearn,BTCUSDT,sell,76557.05566341874,0.02602832890165797,1992.65222455,1.19559133473,-1.792794,9772.173642,ALLOW,4023bcf168d1e294bd6253f95359eec87e70035bad87041e45a574249b78a2bb
209,1779195600000,rl-qlearn,BTCUSDT,buy,76866.954706878,0.026018983158975616,2000.0,1.2,-1.79986,9770.371724,ALLOW_CAPPED,62dd49a1128450bb2e075703880a88c3552ca35bf190a1a9dbf4c20ece17b6cd
210,1779199200000,rl-qlearn,BTCUSDT,sell,76350.1409747191,0.026018972420729165,1986.55221234,1.191931327404,-1.7867,9756.336357,ALLOW,25485a984186853a99047cd6e7d3c79a5f790d227f0feb5586d4c124d0ef8c96
211,1779224400000,rl-qlearn,BTCUSDT,sell,76922.517858912,0.026000188965061108,2000.0,1.2,-1.80014,9754.531758,ALLOW_CAPPED,6a52a2486bf05b7852bdfa885bb7a26d6c372c288b51b3a257cc79f64903b3a2
212,1779228000000,rl-qlearn,BTCUSDT,sell,76664.395313748,0.026087729405743398,2000.0,1.2,-1.80014,9759.446878,ALLOW_CAPPED,552b6e475578777460c738f1f0ffe9e5ea8d6eb8da801945b59419eb8edfb02c
213,1779231600000,rl-qlearn,BTCUSDT,buy,76826.842676076,0.02603256791942594,2000.0,1.2,-1.79986,9751.583078,ALLOW_CAPPED,a3ed56b8033ec748c81dd438f98614907951ba49a473755fe2ea37f25a5bc11b
214,1779235200000,rl-qlearn,BTCUSDT,buy,76786.130465262,0.026046370456247938,2000.0,1.2,-1.79986,9750.843987,ALLOW_CAPPED,53d3faa6aae299b2bc5f3fbb223c60f0fc6b95aade46be9f82f0ddbe16a80dcb
215,1779267600000,rl-qlearn,BTCUSDT,buy,77469.135318918,0.025816733228873397,2000.0,1.2,-1.79986,9749.032678,ALLOW_CAPPED,d6321eac345348e84c17756d55889daaef18426ab796769aa05570ee9f4d8774
216,1779271200000,rl-qlearn,BTCUSDT,sell,77448.56477436019,0.025807705763731658,1998.76977152,1.199261862912,-1.79891,9747.901988,ALLOW,d83bfe4c04d6415aa09a6792eee9d5c8035762725fac62253eb65465542fb325
217,1779336000000,rl-qlearn,BTCUSDT,sell,77965.50488977799,0.025652370273590297,2000.0,1.2,-1.80014,9746.097845,ALLOW_CAPPED,87cd9355d9c74f7378f6d17eba898a86d81d8a3f6122a6005c55e2c08ce5dc86
218,1779339600000,rl-qlearn,BTCUSDT,buy,77809.12170674605,0.025652419383972398,1995.99222192,1.197595333152,-1.795854,9749.51356,ALLOW,1f426670af9f079707d462f50033938fb524d04607686fa7a68b121e54631820
219,1779343200000,rl-qlearn,BTCUSDT,buy,77611.17792175799,0.025769483901098063,2000.0,1.2,-1.79986,9747.715222,ALLOW_CAPPED,bbde74e843b5f779b541d98e4a7f35efc37da56bbadbb22a540179d589af0b79
220,1779346800000,rl-qlearn,BTCUSDT,sell,77830.14550707,0.02569698395101063,2000.0,1.2,-1.80014,9752.757414,ALLOW_CAPPED,aa931bc253cbd10fb255b0ef43594320ce652ca47e4cfcd5d9402a40fa0f5dcc
221,1779379200000,rl-qlearn,BTCUSDT,buy,77193.052513398,0.025909067395059555,2000.0,1.2,-1.79986,9750.913251,ALLOW_CAPPED,0d36b2bc381748ac7b8096f9eec20502a7b037496ef607deb8979a80b886341d
222,1779382800000,rl-qlearn,BTCUSDT,sell,77811.6510567,0.02570309166865814,2000.0,1.2,-1.80014,9766.388336,ALLOW_CAPPED,3838fd29685f0cf6842e0d1727703308788c329bb869c95df312f0594f4e5b6d
223,1779487200000,rl-qlearn,BTCUSDT,sell,75679.690794048,0.026427169284329245,2000.0,1.2,-1.80014,9764.010721,ALLOW_CAPPED,37d2121a131f8de9894502a242e7677d644de63e9c1ccd0c06d2339340958b77
224,1779490800000,rl-qlearn,BTCUSDT,buy,75536.36188297893,0.026148572080423118,1975.16800339,1.185100802034,-1.775062,9767.168753,ALLOW,834cafc6b49f7b7e7e9117c1ecdbbb1a7dd1f5a0ca6d3eae22f6e51064ef03c6
225,1779494400000,rl-qlearn,BTCUSDT,sell,75316.099896774,0.026554747294949423,2000.0,1.2,-1.80014,9765.369981,ALLOW_CAPPED,fbf88bc1dc7aaf7d7ce4093252bd32eee7db2dd6f2a4ae0097103de3aa9da219
226,1779498000000,rl-qlearn,BTCUSDT,buy,75482.53947919799,0.026496193872109643,2000.0,1.2,-1.79986,9760.350739,ALLOW_CAPPED,339d4b3a513c45ca890665f9c7d2115bd1d6ad11a15df8955ef09576c56df896
227,1779526800000,rl-qlearn,BTCUSDT,sell,74591.91720228601,0.026812556574678122,2000.0,1.2,-1.80014,9758.606718,ALLOW_CAPPED,46a6456c0b3eb1c4868e6d74ae31295e7f0ee3a81659ea8c679972d92f90e735
228,1779530400000,rl-qlearn,BTCUSDT,buy,74697.303963498,0.026774728054138757,2000.0,1.2,-1.79986,9755.177995,ALLOW_CAPPED,b50fb61208243620ca2a8939b4fdc0025c82424ae2c9889b86c61a50da853d7c
229,1779595200000,rl-qlearn,BTCUSDT,buy,76757.22179468398,0.02605618016438572,2000.0,1.2,-1.79986,9753.163567,ALLOW_CAPPED,174057c0d08b6204cee478d872334ac1b81b605cec8cbe99426b21f3e66d30a5
230,1779598800000,rl-qlearn,BTCUSDT,sell,76745.40059737323,0.025959763002112602,1992.29241101,1.195375446606,-1.792434,9752.258691,ALLOW,944e61b9dc46acbe73bfe05e6e12bdee09d7552ac032c7a4e5ab86fda22554d4
231,1779969600000,rl-qlearn,BTCUSDT,buy,73513.24882982399,0.027205980307438257,2000.0,1.2,-1.79986,9750.484319,ALLOW_CAPPED,64a10a633ecf51dbecc7539114b22a9d006a760625653b903924784fb51c98de
232,1779973200000,rl-qlearn,BTCUSDT,sell,72968.55831917126,0.027206344139985836,1985.20770903,1.191124625418,-1.785357,9735.078102,ALLOW,c62a892cf14a1f3e8dd9640084d8ed11d8dc7e45c36cb502f0b20428841b4352
233,1779976800000,rl-qlearn,BTCUSDT,buy,73019.800829958,0.027389830939931234,2000.0,1.2,-1.79986,9733.278181,ALLOW_CAPPED,9261e5feea691db738956baeedeb3e2d9bdd19e0457cf32f30f6e735f8cf29e0
234,1779980400000,rl-qlearn,BTCUSDT,sell,72880.44466126231,0.02738990090370595,1996.18815709,1.1977128942539998,-1.796328,9728.864163,ALLOW,b39a582df38cf98230a66d2b31e0123ef759e6e7dc26d74f81cdcfd6014f5507
235,1780081200000,rl-qlearn,BTCUSDT,sell,73468.95416982,0.027222382877223145,2000.0,1.2,-1.80014,9727.059189,ALLOW_CAPPED,4486fbcff685a85b04d11ff536c28c73205613820c8968f43484ded87ecdfa34
236,1780084800000,rl-qlearn,BTCUSDT,buy,73668.39536292599,0.027148684183319546,2000.0,1.2,-1.79986,9721.030417,ALLOW_CAPPED,898ab1192eea3b1cb2c0f3b3bf1420e014d4416680263c5aef97266f209dde08
237,1780149600000,rl-qlearn,BTCUSDT,buy,73912.16847779999,0.027059143862092388,2000.0,1.2,-1.79986,9719.210596,ALLOW_CAPPED,dcc7190b6e562d306a8344c7f5dae8f1f9bf46c1dc664ad505c45b0700f3d920
238,1780153200000,rl-qlearn,BTCUSDT,sell,73862.86104832035,0.026985319865095125,1993.21293154,1.195927758924,-1.793354,9717.282355,ALLOW,ed446e6ee44a9363fafe28d5e9e4e7ed58850999cb3782a4934f7120ab209c84
239,1780297200000,rl-qlearn,BTCUSDT,buy,72807.137045706,0.0274698344304414,2000.0,1.2,-1.79986,9715.491387,ALLOW_CAPPED,d6a8c1edf3c5ff1822c4763b188ac1dd744062969585e3b88b73ef9fb2c0db2a
240,1780300800000,rl-qlearn,BTCUSDT,sell,72863.23592770202,0.027448684848206367,2000.0,1.2,-1.80014,9716.43193,ALLOW_CAPPED,4f0f896f23eed07f7f8170aa33d1a810750ae3f23b73c55dd35f8c26d3113901
241,1780311600000,rl-qlearn,BTCUSDT,buy,72493.84307944201,0.027588549800130063,2000.0,1.2,-1.79986,9714.626674,ALLOW_CAPPED,35968a2f68fdea8025cd30fee114b3cc5ee379a934183c100ff0d59bae4f619c
242,1780315200000,rl-qlearn,BTCUSDT,sell,72189.66278992934,0.027609886438866284,1993.14839169,1.195889035014,-1.79329,9705.634884,ALLOW,f1b84578287270306040b934bdc9dba4d23f699fed75af1eab7cc53204d1a0a7
243,1780354800000,rl-qlearn,BTCUSDT,buy,71419.820947968,0.02800343060866919,2000.0,1.2,-1.79986,9703.841749,ALLOW_CAPPED,a486bb1693f31fc26d3b4c1b9c86a5f2bb974c441c96d28902d243935c90b29c
244,1780358400000,rl-qlearn,BTCUSDT,sell,71253.5355179068,0.028003551650690316,1995.35206217,1.197211237302,-1.795493,9698.588854,ALLOW,594561286c84518d10f6bf4f529297862586ad1ce22db87090f7f074ed757c68
245,1780376400000,rl-qlearn,BTCUSDT,sell,70228.326584988,0.0284785370413129,2000.0,1.2,-1.80014,9696.797322,ALLOW_CAPPED,8bc7f0a39427751659eeeba68867f244388cbc7d99ad8ed1abb34ab3046be000
246,1780380000000,rl-qlearn,BTCUSDT,buy,70113.01745642952,0.028478391643332386,1996.70597042,1.198023582252,-1.796567,9699.484598,ALLOW,a08e79f070e81351bd535d1f89deeb8e00142cf7280860c8b5c2a8bf69fa5453
247,1780444800000,rl-qlearn,BTCUSDT,buy,66920.27139800398,0.02988631035437871,2000.0,1.2,-1.79986,9697.711994,ALLOW_CAPPED,b4b9d560937326b919c601f0170b987be8d9848130ba6ceed04a8f457f49c781
248,1780448400000,rl-qlearn,BTCUSDT,sell,66859.94327153082,0.0298867337289658,1998.22532169,1.1989351930140002,-1.798365,9695.310098,ALLOW,31ddb465c0682d633cf2293c4c0eaf5a4a8d2517cf33a3cb2b7e3bf130ce62de
249,1780614000000,rl-qlearn,BTCUSDT,buy,63872.357237063996,0.031312450119492935,2000.0,1.2,-1.79986,9693.537366,ALLOW_CAPPED,3d07352447b20a1af7fdf07e5438780d2eea9e87b484f8fdf76045c67e15b452
250,1780617600000,rl-qlearn,BTCUSDT,sell,63374.33262029015,0.03131285620694106,1984.43136455,1.19065881873,-1.784582,9677.356311,ALLOW,498fdf1f0c061a193dd9728a81721ed129429a0a651cf18a7a0d9cfec8b1f85c
251,1780671600000,rl-qlearn,BTCUSDT,buy,60423.422798106,0.033099746876019256,2000.0,1.2,-1.79986,9675.584445,ALLOW_CAPPED,67e8a97aa045ad779c0e5125d8a6112f7c13cf9a966757223f31a7220f95ed43
252,1780675200000,rl-qlearn,BTCUSDT,sell,61341.99310720801,0.03260409221631551,2000.0,1.2,-1.80014,9705.388925,ALLOW_CAPPED,83c43e2750d1d243cf1650a30dffafa311679248431d9f6549dfe6645f6c7434
253,1780765200000,rl-qlearn,BTCUSDT,sell,60532.33606101,0.03304019190642532,2000.0,1.2,-1.80014,9703.194942,ALLOW_CAPPED,044cdfc1c7894a9c7d4e75eac61aaf04258b755568ade5629b34a3eb769c4b7f
254,1780768800000,rl-qlearn,BTCUSDT,buy,60627.8025409047,0.03254418600292811,1973.08248284,1.183849489704,-1.772982,9699.494769,ALLOW,a3443a7dea42bf028d1c1703c8093205e4f2d09de3aba37361ebc0e811c4d141
255,1780920000000,rl-qlearn,BTCUSDT,buy,63858.753156791994,0.03131912073336936,2000.0,1.2,-1.79986,9697.663514,ALLOW_CAPPED,c6e008a6a0ab813c7a13cccc9c2fc094feb6b1c37a0ba3f05f4741d375aa8d03
256,1780923600000,rl-qlearn,BTCUSDT,sell,63704.599613208346,0.03131878804880411,1995.15085302,1.197090511812,-1.795291,9692.239463,ALLOW,6e496601502456a4c41d9fd180d7043bc28cd232e4843423e38951b95d20a79f
257,1780995600000,rl-qlearn,BTCUSDT,sell,62670.294523782,0.03191304612811487,2000.0,1.2,-1.80014,9690.449035,ALLOW_CAPPED,ad13f60ed01f82705eda0eedb842c6ca3bc006d97736bc88c73b6175939082b9
258,1780999200000,rl-qlearn,BTCUSDT,buy,62768.926285001995,0.03186289966023969,2000.0,1.2,-1.79986,9686.701907,ALLOW_CAPPED,190500d8eceddbdd61e26510ad33d07745d7507de16e5058c382a4936783a4d5
259,1781002800000,rl-qlearn,BTCUSDT,buy,62702.906483681996,0.031896448062108354,2000.0,1.2,-1.79986,9684.905976,ALLOW_CAPPED,41c35c99577b7ac34e87f02a67c46246d4a4c6402dbe6b6eadb70bf0c460b722
260,1781006400000,rl-qlearn,BTCUSDT,sell,62595.137638367385,0.03184645702189709,1993.43336058,1.196060016348,-1.793575,9680.87745,ALLOW,ed1dd9220dbf05c12c34bc255ccab619523fe03d3b31a18f94d3a76e37897fce
261,1781085600000,rl-qlearn,BTCUSDT,buy,61376.60868716399,0.032585703947801706,2000.0,1.2,-1.79986,9679.089573,ALLOW_CAPPED,4a76069c07c0186d846f97eef064bf73059ef1535e2ce033cd0d18e5e6eb09a6
262,1781089200000,rl-qlearn,BTCUSDT,sell,60985.03910562903,0.032585915459658575,1987.2533286,1.19235199716,-1.7874,9665.740893,ALLOW,22370e7f870b1aff3ae03510be7db5a066306795203227d05e1e5b4de955aa6a
263,1781128800000,rl-qlearn,BTCUSDT,buy,61370.306797038,0.03258905005338068,2000.0,1.2,-1.79986,9663.937633,ALLOW_CAPPED,1128da4e46588c309a052b81e2af844290327e2e41e952164ad582d696fc0bf0
264,1781132400000,rl-qlearn,BTCUSDT,sell,61464.856239666005,0.032538919349319344,2000.0,1.2,-1.80014,9666.418412,ALLOW_CAPPED,fb9e730660045d802d6ce6f6486928e17c74169ff35485ea3ae36fca36b2226e
265,1781157600000,rl-qlearn,BTCUSDT,sell,62709.98261457601,0.031892848899229796,2000.0,1.2,-1.80014,9664.668561,ALLOW_CAPPED,4e9d4c319e0fc5d9cf3e735d832757a7cc5ad8f7ca6fa4ca7590309caf087eeb
266,1781161200000,rl-qlearn,BTCUSDT,buy,62701.69548327417,0.031842924443129285,1996.60535173,1.197963211038,-1.796466,9664.334123,ALLOW,78e5413635d7070f4ce3ed50f363e06f539d0d99eeec31de8191354c29d9ce6a
267,1781226000000,rl-qlearn,BTCUSDT,buy,63419.021268,0.03153627981025246,2000.0,1.2,-1.79986,9662.527416,ALLOW_CAPPED,205bc6ce9bc7345a6629f957c7c779a2b6c26246dda88f69a11d66708f167626
268,1781229600000,rl-qlearn,BTCUSDT,sell,63571.42412181,0.03146067635936195,2000.0,1.2,-1.80014,9666.733118,ALLOW_CAPPED,151c40aad682d73b36ded94b5efd472b93fb465f4d0f423af92479b104b82634
269,1781236800000,rl-qlearn,BTCUSDT,buy,63686.001343338,0.031404075586686425,2000.0,1.2,-1.79986,9664.938305,ALLOW_CAPPED,bd9a46b45e23427729ebfe8570049b6c654aabe9bc1a2ba8a5221554a37c5f06
270,1781240400000,rl-qlearn,BTCUSDT,sell,63301.12837176754,0.03147956266603844,1992.69183741,1.195615102446,-1.792834,9652.23163,ALLOW,111836b99a2a6108fe4b43aff10f7fb569ab910296e7ec86ea7680625c5e75a2
271,1781262000000,rl-qlearn,BTCUSDT,buy,63741.818084454,0.03137657600776499,2000.0,1.2,-1.79986,9650.427973,ALLOW_CAPPED,b4dd025ff382004671eb33011fef8e8b38e6aabe426169cf55086d51ac4579b2
272,1781265600000,rl-qlearn,BTCUSDT,sell,63412.50459354241,0.031376540392833135,1989.66501179,1.193799007074,-1.789809,9639.504051,ALLOW,7a4a32de2502505d6dd74d37486555d5685839e8addf6cd413a8fae592cb585e
273,1781283600000,rl-qlearn,BTCUSDT,buy,63848.950216596,0.031323929261410914,2000.0,1.2,-1.79986,9637.700449,ALLOW_CAPPED,e2c032bd11290dcea3e2c8b172c5bb0b761afe8100c2a06340ff2048aebf02ac
274,1781287200000,rl-qlearn,BTCUSDT,sell,63643.4230158592,0.03132391960538056,1993.56146596,1.1961368795760001,-1.793703,9630.667824,ALLOW,786e86b54137fdeee6f964fcfd14218b34910b34806f7eff379e814477065973
275,1781298000000,rl-qlearn,BTCUSDT,buy,63466.435488948,0.031512719827290106,2000.0,1.2,-1.79986,9628.869983,ALLOW_CAPPED,366f84c11b6367589a29b4532d6d8bfad6e9ce0492dcf653c6c75d43057485a0
276,1781301600000,rl-qlearn,BTCUSDT,sell,63459.45840396879,0.03151278622675627,1999.78434675,1.1998706080500001,-1.799924,9628.049813,ALLOW,11ae16b4250ff00429ecae6b85b5d790527f6be3b739d1f9726fbb2412637dfc
277,1781362800000,rl-qlearn,BTCUSDT,sell,64239.023795166,0.031133723426078907,2000.0,1.2,-1.80014,9626.242301,ALLOW_CAPPED,bff378b1a2111822fc3592867cee32efa8ac3c5665eba3e8f80199f2318fee06
278,1781366400000,rl-qlearn,BTCUSDT,buy,64009.575566736254,0.031133846624435805,1992.86430819,1.195718584914,-1.792728,9632.792831,ALLOW,8179875e291316d7d5f468b40c0e7966f924af6b712fb5ec70fdb9a19d714d25
279,1781424000000,rl-qlearn,BTCUSDT,buy,64441.627978446,0.031035839142191542,2000.0,1.2,-1.79986,9630.988941,ALLOW_CAPPED,ccd28bb08a582f7bfba9d3c1740db98d40ab35d721651beb5c1d89984919b64a
280,1781427600000,rl-qlearn,BTCUSDT,sell,64564.526121678005,0.03097676263016024,2000.0,1.2,-1.80014,9634.202685,ALLOW_CAPPED,fd81172028706e05271e55874eb2408e2da36eefb7a04f03a8dedea4d03cb5ee
281,1781528400000,rl-qlearn,BTCUSDT,buy,66418.720967976,0.030111992083742573,2000.0,1.2,-1.79986,9632.49311,ALLOW_CAPPED,e8fcf945109c508bde6da061869dcd52cd75f19c8e2171c302cfb1c03c7bffd7
282,1781532000000,rl-qlearn,BTCUSDT,sell,66527.33714094601,0.030062829596843237,2000.0,1.2,-1.80014,9635.171989,ALLOW_CAPPED,27c54656b8dfe57aed5847d00e1dd5b1d67dd198715feae46e25afe95d961b60
283,1781539200000,rl-qlearn,BTCUSDT,sell,67098.065882364,0.029807118486938063,2000.0,1.2,-1.80014,9633.428316,ALLOW_CAPPED,7dc2a511c5a43cbb82e97f4243211143719baf83dd17c6566418ac12f046d1e3
284,1781542800000,rl-qlearn,BTCUSDT,buy,66832.69464973119,0.029699321211762386,1984.88566585,1.19093139951,-1.784759,9640.719415,ALLOW,eda4026da54aee060b4c6e729a55724a09abac8a8b46969524ca3476a62c0dd8
285,1781600400000,rl-qlearn,BTCUSDT,buy,66502.246019646,0.030074172222832336,2000.0,1.2,-1.79986,9638.922491,ALLOW_CAPPED,e1cdf328822d5de117930cc03f7dcc285f8fd94ebb58b76975e1e3785b560a22
286,1781604000000,rl-qlearn,BTCUSDT,sell,66456.458409528,0.030094892924857636,2000.0,1.2,-1.80014,9636.944966,ALLOW_CAPPED,19f4f045af083381ac739fa09972c3b1bff56aaad4b013171162dd7bc1f03a9b
287,1781755200000,rl-qlearn,BTCUSDT,sell,63830.546366994,0.031332960687834185,2000.0,1.2,-1.80014,9635.222599,ALLOW_CAPPED,e835c285b468bb31076f5a96251219b6083af8dae2b9bc96732b28db015f77cb
288,1781758800000,rl-qlearn,BTCUSDT,buy,63989.1922794,0.03125527809864009,2000.0,1.2,-1.79986,9629.649822,ALLOW_CAPPED,f62bb04038f140142432d0febe4fa9b52e3451fb988b83d168d96b49767f7d10
289,1781784000000,rl-qlearn,BTCUSDT,buy,64366.305386939996,0.031072157831289825,2000.0,1.2,-1.79986,9627.809513,ALLOW_CAPPED,6d78bd8ca98e78e5f247fc9b56d3f9fd8d4400cf7b9f72edc13c68d1155391e3
290,1781787600000,rl-qlearn,BTCUSDT,sell,63931.379373882104,0.030974127582784162,1980.21870127,1.188131220762,-1.780376,9613.751568,ALLOW,398b6180a5d42e4923b44fa1d1c7484f39c0e19a6bc9f87a3b91671349bed66e
291,1781798400000,rl-qlearn,BTCUSDT,buy,62687.501863374,0.031904286190235415,2000.0,1.2,-1.79986,9611.963578,ALLOW_CAPPED,f07dc70554ca87b44d9f46f939ef0b2fa5701cb5f34ac36cb0b54b4d5c9b5733
292,1781802000000,rl-qlearn,BTCUSDT,sell,62554.84235269335,0.03190458922168589,1995.78654909,1.197471929454,-1.795927,9607.134435,ALLOW,ad031ed664e24a6ee270308ed750c1f4ee8567a378903a2815fc4cefff8af959
293,1781823600000,rl-qlearn,BTCUSDT,sell,62901.1252584,0.03179593356691046,2000.0,1.2,-1.80014,9605.330982,ALLOW_CAPPED,8700aa28fb4f4cc57ce4541e4ce07bde5ec61eb41461aadb568c97eef2e69377
294,1781827200000,rl-qlearn,BTCUSDT,buy,63010.998889842,0.031740490314976104,2000.0,1.2,-1.79986,9601.237945,ALLOW_CAPPED,f5b648e1d2e86a3267f1e6dc0a4cf620859abd0b8e9d631549a00ed8f5757311
295,1781852400000,rl-qlearn,BTCUSDT,buy,62612.079241866006,0.031942718149865976,2000.0,1.2,-1.79986,9599.46401,ALLOW_CAPPED,ad9c5a8da63fe1f351b799176dcc2498e1fd092a2d3ccc99a9192a9e1f5d1414
296,1781856000000,rl-qlearn,BTCUSDT,sell,62558.444304021534,0.03188726816136258,1994.81788928,1.196890733568,-1.794959,9597.15582,ALLOW,556a213a77bdc45180399d3bfaec211a9f87dc24b242145f77da125fff474c59
297,1781866800000,rl-qlearn,BTCUSDT,sell,62583.420592044,0.03195734558897301,2000.0,1.2,-1.80014,9595.355441,ALLOW_CAPPED,43c9f54887c98d7c0fc6fdc92faab85e82238ac9601625a156748754466fe234
298,1781870400000,rl-qlearn,BTCUSDT,buy,62818.941286002,0.0318375311499505,2000.0,1.2,-1.79986,9587.229331,ALLOW_CAPPED,5038c6eab8ee5600be4c7665175f979f3c373dd0944203f9a276209a2b81353b
299,1778400000000,rl-qlearn,BTCUSDT,sell,80774.86188598201,0.024760178517211278,2000.0,1.2,-1.80014,9998.19986,ALLOW_CAPPED,ac92d9697ba2325815aae91eaab69e6b82d548375cc2a2a329c0ca0f6b1acd72
300,1778403600000,rl-qlearn,BTCUSDT,buy,80794.43220919569,0.02475275233931753,1999.88457087,1.199930742522,-1.799745,9997.115685,ALLOW,f78954af0d5c69befcc5a7d58d73cb32dd3095f2c2de223bfde95aa86a82b357
301,1778414400000,rl-qlearn,BTCUSDT,buy,80914.26861779999,0.02471751934689092,2000.0,1.2,-1.79986,9995.314935,ALLOW_CAPPED,85d89d4033301cc98cedb999607c9c268dfadb95dea4a61260b0af7c7782498a
302,1778418000000,rl-qlearn,BTCUSDT,sell,80909.22207718305,0.024717507771638534,1999.87432549,1.199924595294,-1.800014,9994.58981,ALLOW,f2355c96f5de7dba3ae54210c3c1b48c7bd91758aaf3139e2ab296c60e43a770
303,1778421600000,rl-qlearn,BTCUSDT,sell,80918.11889884798,0.024716343227159147,2000.0,1.2,-1.80014,9992.789604,ALLOW_CAPPED,edcf123b9e810af52d4075bdb903e32c230016ed6a33fc080b310ed7c9b230b5
304,1778425200000,rl-qlearn,BTCUSDT,buy,81388.41082728001,0.02457352317941603,2000.0,1.2,-1.79986,9980.566207,ALLOW_CAPPED,f51bd3989972ff33f4204a2ffd65545bde96f8ba716b247f4eb0e703fb2d9651
305,1778428800000,rl-qlearn,BTCUSDT,sell,81304.502956578,0.024598883546070417,2000.0,1.2,-1.80014,9978.771768,ALLOW_CAPPED,95f5347e1670cf6f6ccc48001374923c55e820879b21fc1a2f02b9e9132e5fe6
306,1778432400000,rl-qlearn,BTCUSDT,buy,81454.33059859798,0.02455363619469024,2000.0,1.2,-1.79986,9974.472247,ALLOW_CAPPED,77910369338c927fc79d5eea24109750a62535b188dca50f451a1f95c9f0f2a8
307,1778450400000,rl-qlearn,BTCUSDT,buy,82024.50160999798,0.02438295827153456,2000.0,1.2,-1.79986,9972.560962,ALLOW_CAPPED,56b8a5f10842becd304f40fd34738415b1322d755df68b5191876a04a1273790
308,1778454000000,rl-qlearn,BTCUSDT,sell,82138.50480754436,0.024194718861226046,1987.3180315,1.1923908188999999,-1.787465,9974.720894,ALLOW,eb08d62f04d500943684bc4db0d3ab237df6441ebf0362738dcd3df9d9fa796a
309,1778461200000,rl-qlearn,BTCUSDT,buy,81494.24256939601,0.024541611001500017,2000.0,1.2,-1.79986,9972.926027,ALLOW_CAPPED,4467469e30023907962bf778b13253a9b4731d3785f58f5bce478de09bf08be4
310,1778464800000,rl-qlearn,BTCUSDT,buy,81170.745542928,0.024639418877116008,2000.0,1.2,-1.79986,9963.191752,ALLOW_CAPPED,620808eff3c48fe7332b25063d2f10db831171344a5cf3565fd1a9c64b7cea11
311,1778468400000,rl-qlearn,BTCUSDT,sell,80691.886784322,0.024785639296621195,2000.0,1.2,-1.80014,9940.232131,ALLOW_CAPPED,5470638ef06f3d50b2558ac8635c0f2b241b9625184f63668e64e93d340033e4
312,1778472000000,rl-qlearn,BTCUSDT,sell,80775.861586002,0.0247598720797376,2000.0,1.2,-1.80014,9940.480596,ALLOW_CAPPED,e177f5d2a0db7de1b0beaceabcd7abe73b1e6a15add20dc7be5eb9120c430de9
313,1778475600000,rl-qlearn,BTCUSDT,buy,80837.845696272,0.02474088692955154,2000.0,1.2,-1.79986,9938.675717,ALLOW_CAPPED,db466af7c6a2107dabe4f4d745661500cd8ed1846e7780ec5e133a673d001632
314,1778479200000,rl-qlearn,BTCUSDT,sell,80769.863385882,0.02476171081836429,2000.0,1.2,-1.80014,9936.400379,ALLOW_CAPPED,9d33522d22e766bf0caec439a1a58f69ea3e45eaf2d920f91c1f5b01d88155bf
315,1778482800000,rl-qlearn,BTCUSDT,sell,80683.08942414602,0.024788341823230437,2000.0,1.2,-1.80014,9934.634312,ALLOW_CAPPED,57f1bcb97182ac825ddac54633c56de1f1437377bbda94b0d5f411386ff41a68
316,1778486400000,rl-qlearn,BTCUSDT,buy,80745.017854416,0.024769330085554233,2000.0,1.2,-1.79986,9932.697772,ALLOW_CAPPED,46b04155cc631b644303a727fe0a36409a914b3aa5f236d6cccf8ef14f0aa7d0
317,1778490000000,rl-qlearn,BTCUSDT,buy,80949.87929851201,0.024706645857058902,2000.0,1.2,-1.79986,9930.813624,ALLOW_CAPPED,a7662066645375aca6bad643b902579d0da38034c52829f25b920d9ff98b3c19
318,1778493600000,rl-qlearn,BTCUSDT,sell,80876.97083172636,0.02430233443732014,1965.49919343,1.1792995160580002,-1.765695,9928.4527,ALLOW,04690561f325dc519d358adfb8d8d86061d1340868258e747c38b28e679554a2
319,1778500800000,rl-qlearn,BTCUSDT,sell,80993.19637035,0.024693432160088947,2000.0,1.2,-1.80014,9926.651717,ALLOW_CAPPED,633540fb669911856e3b9bf59da023bd5370937063ff8259872a862b619b0a00
320,1778504400000,rl-qlearn,BTCUSDT,sell,81002.79349054201,0.02469050650992083,2000.0,1.2,-1.80014,9924.61445,ALLOW_CAPPED,e91d6696bdb738f881fd0a369483bfb1da52f9a564f07edc14317b65e2ddcd39
321,1778508000000,rl-qlearn,BTCUSDT,sell,80897.79968607625,0.011970323788258382,968.372856,0.5810237135999999,-0.821631,9929.186337,ALLOW,f8c0c053b1f83fa4e1542c3a0fe56ab3fd073ce11813aa2345b886a162318d3e
322,1778511600000,rl-qlearn,BTCUSDT,buy,81422.320997958,0.024563288978831227,2000.0,1.2,-1.79986,9897.932951,ALLOW_CAPPED,e8eeae6e42f661df6d9bc6230c6daacdc6f395cc6bfcb71f1d70861efc41839a
323,1778515200000,rl-qlearn,BTCUSDT,buy,81544.4576304,0.0245264982822621,2000.0,1.2,-1.79986,9891.655027,ALLOW_CAPPED,26c75f9da3eb01a7b84c7e14b51a04fd19a6fa8a862951fc19d22cd8c1ce381e
324,1778518800000,rl-qlearn,BTCUSDT,sell,81864.03505777201,0.02443075275471807,2000.0,1.2,-1.80014,9885.33153,ALLOW_CAPPED,6bd6d7199f81ff6881c27f53511fdb3ad270d20c405ec613503877eaa90038dd
325,1778522400000,rl-qlearn,BTCUSDT,buy,81834.04448618999,0.02443970614623004,2000.0,1.2,-1.79986,9886.434836,ALLOW_CAPPED,8a579f136b2261bbc1415d9d403055b2b080d41800a0faede22e7af6b0057e1c
326,1778526000000,rl-qlearn,BTCUSDT,sell,81891.32686831799,0.024422610751148512,2000.0,1.2,-1.80014,9883.329937,ALLOW_CAPPED,b594fe18ddeda0246e311a0913dcccc86d4b327fbdaf191ff080d413f253f3a6
327,1778529600000,rl-qlearn,BTCUSDT,sell,81746.89712063062,0.02378697674922832,1944.51154113,1.166706924678,-1.744799,9886.893513,ALLOW,40f0732dfe4ea8ca4359d16cbd9a9a373475ed49751d138514269ef6d026e937
328,1778544000000,rl-qlearn,BTCUSDT,buy,81528.45283008,0.024531313064021475,2000.0,1.2,-1.79986,9900.758993,ALLOW_CAPPED,69101cc66feeb569141f087c134a8271b86c954d067f1af9ad86e4a58cd85e74
329,1778547600000,rl-qlearn,BTCUSDT,buy,81182.148963156,0.024635957849646076,2000.0,1.2,-1.79986,9911.401922,ALLOW_CAPPED,c261e4ece891bdd6e0670bef1cf0eba5d9833d823ed0164b760054ed860d8add
330,1778551200000,rl-qlearn,BTCUSDT,buy,81244.27524671015,0.011302307146092523,918.2477527,0.55094865162,-0.776715,9909.873419,ALLOW,f0756224bc87fb255f9c51cc2d95c014a56426071aaa4a985efefb3b50e6296f
331,1778558400000,rl-qlearn,BTCUSDT,buy,81221.16066393601,0.02462412484198892,2000.0,1.2,-1.79986,9908.073636,ALLOW_CAPPED,f6193d99fe153e15c35fb0b1e054727a97187e858d6d2f93bfd9ffa97d0b703a
332,1778562000000,rl-qlearn,BTCUSDT,sell,81165.044803788,0.024641149460767123,2000.0,1.2,-1.80014,9906.091298,ALLOW_CAPPED,dddd74920b64f23d87dc1026c3c865e45f40f7b663daced8baf62f1cd98497f0
333,1778565600000,rl-qlearn,BTCUSDT,buy,81012.49807976399,0.024687548803035583,2000.0,1.2,-1.79986,9904.295422,ALLOW_CAPPED,04dde8973d3f8c1802d6adcbdd78beff4cbbf29912eb0954d71791d16651be2a
334,1778569200000,rl-qlearn,BTCUSDT,sell,80795.78128581293,0.024675138853073604,1993.64712197,1.196188273182,-1.793788,9898.352519,ALLOW,97aec5f311a1aff2911d3806ef82337f4edcca9acfda00c4bd5f5d9afe7af3d6
335,1778727600000,rl-qlearn,BTCUSDT,sell,78988.39795024201,0.025320174252171576,2000.0,1.2,-1.80014,9896.565879,ALLOW_CAPPED,b53c395278a144e7211001f6843a3e4a37482d98d6c5b5252ac1263d32abc9a5
336,1778731200000,rl-qlearn,BTCUSDT,sell,79384.379128164,0.025193873429066597,2000.0,1.2,-1.80014,9884.733489,ALLOW_CAPPED,ddea8558da8735cfbb6d50dc5e15abab5302759d3276ad8456b7351c0a952ec9
337,1778734800000,rl-qlearn,BTCUSDT,sell,79748.14488467279,0.011326988186951683,903.30629504,0.541983777024,-0.763484,9865.807547,ALLOW,be861f472e719f95de70ad7736205f419fa724b18c2654dc5927129a08893a0c
338,1778745600000,rl-qlearn,BTCUSDT,buy,79798.734035496,0.025063054247331313,2000.0,1.2,-1.79986,9863.366271,ALLOW_CAPPED,e02e14c8fade0c94957d922d0f877e0207703e9c7724a3e4ab3cb9d71f3e5542
339,1778749200000,rl-qlearn,BTCUSDT,buy,79623.981622002,0.02511806065532589,2000.0,1.2,-1.79986,9867.992816,ALLOW_CAPPED,e8c641da67f7b624c3556d58ca36911bdf4eb192cc0765646b29d4baa188bd03
340,1778752800000,rl-qlearn,BTCUSDT,buy,79552.59784333056,0.011664440924574977,927.93657794,0.556761946764,-0.78536,9867.990333,ALLOW,d7f9d3c2c6c0cbd72f66a97c96be9b1957ed41a62766fb213fb9c084d4429c99
341,1778756400000,rl-qlearn,BTCUSDT,buy,79238.566024296,0.025240234652741736,2000.0,1.2,-1.79986,9866.191388,ALLOW_CAPPED,00ab6480271d5c051a15eeb2c6a234c88f8ce4c6ba56c3ee0e965f29eb855374
342,1778760000000,rl-qlearn,BTCUSDT,sell,79707.58214463,0.02509171582160133,2000.0,1.2,-1.80014,9877.431392,ALLOW_CAPPED,be1dfbcc22f23ecf40a7e89370cdde21271b0d138ae8e178f5b258fc049b28d9
343,1778763600000,rl-qlearn,BTCUSDT,buy,79678.297913088,0.025100937800925073,2000.0,1.2,-1.79986,9875.620302,ALLOW_CAPPED,bfe6920146486e06313f700e402012a2b6f9e5c2fdd7b3da4e10dab93baf7652
344,1778767200000,rl-qlearn,BTCUSDT,buy,80932.874198172,0.024711837060213702,2000.0,1.2,-1.79986,9905.484706,ALLOW_CAPPED,a49aab8d571d2ee0a0a546b8016d655215660351a5e093fb72738893057b1f94
345,1778770800000,rl-qlearn,BTCUSDT,buy,81252.41364401973,0.01110841846304256,902.58581189,0.5415514871339999,-0.762761,9920.903478,ALLOW,9be52d903dd6f782b392f8b9387a2ccb62dde0f29d3842fe69fed24e2eeee09b
346,1778781600000,rl-qlearn,BTCUSDT,sell,81496.64530042201,0.02454088745159236,2000.0,1.2,-1.80014,9936.997068,ALLOW_CAPPED,1aafefd01cb2e91064bbf0af14750bf5325e25a02654b5a113b8613e6be9d772
347,1778785200000,rl-qlearn,BTCUSDT,sell,81348.189847452,0.02458567306476635,2000.0,1.2,-1.80014,9929.772824,ALLOW_CAPPED,b3d4208a7e87a13dd92d37ace6814bac6c2429dca3e348faa45ce6f584c71e2c
348,1778788800000,rl-qlearn,BTCUSDT,sell,81356.87222453598,0.01194324610056679,971.66514695,0.58299908817,-0.824584,9929.001971,ALLOW,dc0ee010d4a3b0892f34b2b527d4f6763c839d4dd46372cad2146b132dd0bc4f
349,1778792400000,rl-qlearn,BTCUSDT,buy,81374.506657002,0.024577721969241663,2000.0,1.2,-1.79986,9927.202191,ALLOW_CAPPED,e0b241dfb1c7142ffa25583f8a2e0475267ef78c29eb57eaba00f25881da77f2
350,1778796000000,rl-qlearn,BTCUSDT,sell,81390.377188296,0.024572929492303688,2000.0,1.2,-1.80014,9926.992038,ALLOW_CAPPED,4430b9b6f044accaa3959e821a0cbf0110bebcc2e6a84a81ad2c7e20962876cd
351,1778799600000,rl-qlearn,BTCUSDT,buy,81080.918601132,0.024666716096776897,2000.0,1.2,-1.79986,9925.191524,ALLOW_CAPPED,e31c5413002d2dda4ddd39fdd687f285f244cb2bf67534aebba034bf0a67e1fe
352,1778803200000,rl-qlearn,BTCUSDT,sell,81446.56032942,0.024555978692172752,2000.0,1.2,-1.80014,9933.714516,ALLOW_CAPPED,57d47b9c784f2cd609c8b24e7e619aab204c72cac25ebaa6f068e480332eaa2d
353,1778850000000,rl-qlearn,BTCUSDT,buy,78755.12102463,0.025395173976997847,2000.0,1.2,-1.79986,9931.605387,ALLOW_CAPPED,7ab70a53f55d4775f7679799bf454e5929e927912bfc29fea9070d140ed2a0e8
354,1778853600000,rl-qlearn,BTCUSDT,buy,79146.138302448,0.025269710473519585,2000.0,1.2,-1.79986,9939.776501,ALLOW_CAPPED,b19e2df72421bbfbd7b2a2949de592d486a536f5f99eb7c83c485190d18c1ea0
355,1778857200000,rl-qlearn,BTCUSDT,buy,79150.29410402974,0.012028308566973839,952.04416065,0.57122649639,-0.80691,9939.391043,ALLOW,8fb1e9213b585c63a511e6371824351e65b0e1f962b8013ae391c0719a1a032d
356,1778868000000,rl-qlearn,BTCUSDT,sell,79227.22628502,0.025243847270444614,2000.0,1.2,-1.80014,9944.648537,ALLOW_CAPPED,57d41c94eab63174c552810363be5579e31f4a044d6dc1b674b206d322765be2
357,1778871600000,rl-qlearn,BTCUSDT,buy,79132.9270979155,0.025250787453085826,1998.16872269,1.198901233614,-1.798029,9937.524229,ALLOW,db8bdd31cbb8ef3aff02d1f7171c197143f43edb15f999649f756bbff849a43b
358,1778875200000,rl-qlearn,BTCUSDT,sell,79076.67146200799,0.025291909270117555,2000.0,1.2,-1.80014,9935.171338,ALLOW_CAPPED,afa5b9314a5c9f0e434d97aa87e35c942c93809954696df9a6813e135a14ec5f
359,1778878800000,rl-qlearn,BTCUSDT,buy,78977.587749078,0.02532363999713765,2000.0,1.2,-1.79986,9927.874682,ALLOW_CAPPED,f8cce367cb3ed01adeaa3fad7e4774c3e43098af5021dcae5cc0d8eb6e7bd3e8
360,1778914800000,rl-qlearn,BTCUSDT,sell,78326.496567,0.025534143459221524,2000.0,1.2,-1.80014,9887.625726,ALLOW_CAPPED,c8263fa21a1519e681106b51aec51612ce91e1c85ab4382bac6a82bf0d6eec8c
361,1778918400000,rl-qlearn,BTCUSDT,sell,78376.481568,0.02551785892895416,2000.0,1.2,-1.80014,9887.398588,ALLOW_CAPPED,40e1419b456f60861ba33af5c0ad2323ffd95475ab66b28ef8706c38250b8c9c
362,1778922000000,rl-qlearn,BTCUSDT,sell,78050.19361875659,0.01179532455456664,920.62736528,0.5523764191680001,-0.778922,9882.721091,ALLOW,b527785f3930c9d33403366700fdc38b8d09db86536e68769ed29efb5ed58834
363,1778925600000,rl-qlearn,BTCUSDT,buy,77985.090069234,0.02564592793602508,2000.0,1.2,-1.79986,9880.921543,ALLOW_CAPPED,d201b110e9838609414d451385e4f622c66003102a3816229db8ecd6762217cd
364,1778929200000,rl-qlearn,BTCUSDT,sell,78046.5805614,0.0256257223008839,2000.0,1.2,-1.80014,9881.898543,ALLOW_CAPPED,b01c295a9a6dfb52701c761a996974fd2e3809f22cdd20bc3435a42350b3a342
365,1779019200000,rl-qlearn,BTCUSDT,buy,78353.600596602,0.025525310703931263,2000.0,1.2,-1.79986,9880.102778,ALLOW_CAPPED,5a168181ce4aeab4a0e1d1f2f72759150aaa431b1460264794e04392d5b7a671
366,1779022800000,rl-qlearn,BTCUSDT,sell,78147.36327264264,0.025550274830436766,1996.68660889,1.198011965334,-1.796827,9874.237013,ALLOW,809ab94e4fc79afec35f82100885ba504d7ddbf09b35c905dd0cd82eeefb8ff4
367,1779026400000,rl-qlearn,BTCUSDT,sell,77992.796700324,0.02564339380833732,2000.0,1.2,-1.80014,9872.438057,ALLOW_CAPPED,66842c8c9567c7ab1d48e55e50a18b143077cffd15309bfaa6b483cbb336f372
368,1779030000000,rl-qlearn,BTCUSDT,buy,78036.605520264,0.0256289979127892,2000.0,1.2,-1.79986,9870.715151,ALLOW_CAPPED,5451c4a56802a3501b804fe4b7d2003bafcd2a4835727d7a6af3dd18e4f175ae
369,1779066000000,rl-qlearn,BTCUSDT,buy,77117.229771882,0.025934541553374463,2000.0,1.2,-1.79986,9868.93582,ALLOW_CAPPED,bea7b0bc857fbd92c011f4495f72a4729bf2cb6a3cb1b17ed733d231d2854a6b
370,1779069600000,rl-qlearn,BTCUSDT,sell,76789.59460199164,0.025920248441425892,1990.4053698,1.19424322188,-1.790549,9859.850907,ALLOW,3d7a603647d7f05eca90f71a9772fc6378ad640b539831f0c04d0d7d5db28f65
371,1779073200000,rl-qlearn,BTCUSDT,buy,76932.27429818398,0.025996891658865345,2000.0,1.2,-1.79986,9858.050297,ALLOW_CAPPED,3f0b4d88ff229726ba1a04fa3decf3f49d8e8a56b8deeebf2e844186d17c99b2
372,1779076800000,rl-qlearn,BTCUSDT,sell,76992.89674032001,0.02597642230224896,2000.0,1.2,-1.80014,9859.025796,ALLOW_CAPPED,dcaf2c0ac20649bae5c2eb514e8ca71fd157f7d70cf8f0737c492b6d045734e7
373,1779080400000,rl-qlearn,BTCUSDT,buy,76916.16946786201,0.026002334929532116,2000.0,1.2,-1.79986,9857.224374,ALLOW_CAPPED,b704242a8732c5ab85c7177118fbedc24149b62060541af6847aac0eb6d247fd
374,1779084000000,rl-qlearn,BTCUSDT,sell,76873.63252793401,0.026016722954691242,2000.0,1.2,-1.80014,9855.517888,ALLOW_CAPPED,a4017fe964413c06aef7ef9ad1cb5d413361b17f25d7248117e3e1c084d35e60
375,1779094800000,rl-qlearn,BTCUSDT,buy,76933.474658208,0.025996486040509557,2000.0,1.2,-1.79986,9853.718018,ALLOW_CAPPED,1e1293dd982197815f8d3fc4c65b8ac0fe35ece4286c776cb200e23012a32e7d
376,1779098400000,rl-qlearn,BTCUSDT,sell,76724.8961710674,0.026002598069364644,1995.04663705,1.19702798223,-1.795187,9847.698675,ALLOW,588c64df3dd6a68e3fe2883a7215d794f2bc668d465e071e627343458ea977c7
377,1779112800000,rl-qlearn,BTCUSDT,buy,76396.11348746398,0.026179342229604188,2000.0,1.2,-1.79986,9845.901736,ALLOW_CAPPED,dd0b8552c4e4ce875f292a80a1573f23a3e8b2a1034d5493e204ede164033863
378,1779116400000,rl-qlearn,BTCUSDT,sell,76375.68397363751,0.026179401012109485,1999.46965832,1.199681794992,-1.79961,9844.766883,ALLOW,684a27df253ab275b397bbf74625b3ef431dbd6c1eda9fb6a9c6c0637ae13913
379,1779152400000,rl-qlearn,BTCUSDT,sell,76605.812892576,0.02610767935854413,2000.0,1.2,-1.80014,9842.96502,ALLOW_CAPPED,23e60396be4d4a094e47eae34ada71a7f2bb222e02ae0e6626ec7b31ce47b6a3
380,1779156000000,rl-qlearn,BTCUSDT,buy,76602.9752537307,0.026107699223896656,1999.92743758,1.1999564625480001,-1.799787,9842.439671,ALLOW,e922e385b7e0ed4231a6d55f69855f1a1a28bbe551ccc466c9f55e889885fb00
381,1779202800000,rl-qlearn,BTCUSDT,buy,76528.653240114,0.026134002302704323,2000.0,1.2,-1.79986,9840.640421,ALLOW_CAPPED,271165722b53301cb29cb4a28200cd3d2087f923d937dc1547fc2fa9a46533b4
382,1779206400000,rl-qlearn,BTCUSDT,sell,76847.740297416,0.02602548874253951,2000.0,1.2,-1.80014,9848.178111,ALLOW_CAPPED,d536d6935d501913a463d28a204e1235a6c72a9eca48a4ad9ee837c9e52314f4
383,1779210000000,rl-qlearn,BTCUSDT,sell,76802.15397650399,0.02604093630774806,2000.0,1.2,-1.80014,9846.37338,ALLOW_CAPPED,07312c6a33fac302bb3bf5b832381a45498645fdbe4adff8206a2f27cc804757
384,1779213600000,rl-qlearn,BTCUSDT,buy,76798.80196451822,0.025932486133965094,1991.58386705,1.19495032023,-1.791448,9845.86338,ALLOW,e482a3efec84e16cca930f238602aece29088b73f4345ffca2ee148994d8842e
385,1779228000000,rl-qlearn,BTCUSDT,buy,76710.40775374799,0.0260720814627958,2000.0,1.2,-1.79986,9844.064207,ALLOW_CAPPED,a362d65ac4e8bf010ef1230dfb539e54e3b5fe73c697fb01e0170d4e705b7df1
386,1779231600000,rl-qlearn,BTCUSDT,sell,76780.760396076,0.026048192147133425,2000.0,1.2,-1.80014,9845.297953,ALLOW_CAPPED,a2b4cafdb2e504d5932f92cf18bef0346fd46741fc6880a7d13b5fc67c7d3d65
387,1779274800000,rl-qlearn,BTCUSDT,buy,77368.105016898,0.025850445730358513,2000.0,1.2,-1.79986,9843.506633,ALLOW_CAPPED,d6bccdc3193a301a2ae5d4fcb5917a31923cbed98973f568e0ac3836451e14d2
388,1779278400000,rl-qlearn,BTCUSDT,buy,77608.47711170399,0.025770380690776157,2000.0,1.2,-1.79986,9847.922509,ALLOW_CAPPED,274f74cb743396efed75e9cdae891a341c6b6e7cb0740edad83f3fbf20011cad
389,1779282000000,rl-qlearn,BTCUSDT,sell,77156.84754360002,0.025921224929126793,2000.0,1.2,-1.80014,9825.199078,ALLOW_CAPPED,9f7129d750ae5477dd5abc71037c91f1870a8a8868e5b94d6a7c0812c9f6a9dc
390,1779285600000,rl-qlearn,BTCUSDT,sell,77396.81072779997,0.025723426281632166,1990.91115519,1.1945466931139999,-1.791054,9829.579797,ALLOW,a6a86a04ab8cd75832c412df4f91165f5abe6a6489c4d889ab8e90644c592628
391,1779310800000,rl-qlearn,BTCUSDT,buy,77498.344079502,0.02580700302381031,2000.0,1.2,-1.79986,9827.779562,ALLOW_CAPPED,75d3af3f41c2f11f0ea5e4ccc178da2922c68936b1ea9e7771749ef05ad59804
392,1779314400000,rl-qlearn,BTCUSDT,sell,77455.76209568183,0.02580703838018836,1998.90382517,1.1993422951019999,-1.799044,9826.081135,ALLOW,c87dcc81ed2a796d021f6ef5a41623f250f0899a0d540249fe516d1721e83735
393,1779318000000,rl-qlearn,BTCUSDT,buy,77542.657370388,0.025792255099626755,2000.0,1.2,-1.79986,9824.280962,ALLOW_CAPPED,4a78597372050d002be5bd57c07d8419e1c98200c78a4209a9bee258f7147e9f
394,1779321600000,rl-qlearn,BTCUSDT,sell,77900.52438847799,0.025673768125440415,2000.0,1.2,-1.80014,9832.709736,ALLOW_CAPPED,79d0831c5e47030bfa5874dd65ab33e442b375e4ad37e40bed13f917bce0260d
395,1779343200000,rl-qlearn,BTCUSDT,sell,77564.625181758,0.02578495023102837,2000.0,1.2,-1.80014,9830.872385,ALLOW_CAPPED,5942391e19ca6462e6c738f1a9096cce6b0d8ffacc571fe73b06a1fd91339b7f
396,1779346800000,rl-qlearn,BTCUSDT,buy,77876.8530389381,0.025666504479329628,1998.82659736,1.1992959584160001,-1.798687,9822.254629,ALLOW,33d4f0182997f517d07ec960de127582166c736b2f1e1cd67ae61cc9a3e6c7e3
397,1779350400000,rl-qlearn,BTCUSDT,buy,77913.3685578,0.025669535755167623,2000.0,1.2,-1.79986,9820.454483,ALLOW_CAPPED,0540a9669a42fa143601a1aef65fd357b9f1546f43d8b948863e3fc85125d8c9
398,1779354000000,rl-qlearn,BTCUSDT,sell,77580.2536806432,0.02566952616625537,1991.44835184,1.194869011104,-1.791591,9811.310776,ALLOW,74533876ec2c44827017df58e7674cec4d80b73e77feecaf094a3d19d23f349d
399,1779357600000,rl-qlearn,BTCUSDT,buy,77203.65569361,0.025905509033629044,2000.0,1.2,-1.79986,9809.514168,ALLOW_CAPPED,cefe2e5fa87f0d20df49403c3a3989aa8b821c7c47c86a6c47874beb0ec5f95d
400,1779361200000,rl-qlearn,BTCUSDT,sell,77136.76023461216,0.025905588585808298,1998.27317548,1.1989639052880001,-1.798413,9807.18226,ALLOW,da38b390d0e93306ab083b18f17ecf7491ec70c560305a48eca14a1ce5d84860
401,1779364800000,rl-qlearn,BTCUSDT,buy,77276.077415058,0.025881230866025822,2000.0,1.2,-1.79986,9805.381678,ALLOW_CAPPED,e02dffade28c0f76d48949c8928e6157fa26e0a0633c3d71761861797a312e60
402,1779368400000,rl-qlearn,BTCUSDT,sell,77070.69389328438,0.025881218913014207,1994.68350043,1.196810100258,-1.794824,9799.470385,ALLOW,32901c443220bdcd3bfd81e750b74b68c03d6c0bd083056f642bf32b6f23b214
403,1779386400000,rl-qlearn,BTCUSDT,buy,77380.30867714199,0.025846368852632872,2000.0,1.2,-1.79986,9797.668543,ALLOW_CAPPED,2c67bfb1607b92d4160696de67dd555edf95bf25372d80a8d4166acb93e4bff7
404,1779390000000,rl-qlearn,BTCUSDT,sell,77632.90469312399,0.025762271911708358,2000.0,1.2,-1.80014,9803.596732,ALLOW_CAPPED,990e46f83bbe364a767b8758bae4c2ed20637c9c226c2735e120c69ac3e6db05
405,1779494400000,rl-qlearn,BTCUSDT,sell,75316.099896774,0.026554747294949423,2000.0,1.2,-1.80014,9801.618565,ALLOW_CAPPED,ab4eae40f0bad1d02bb5539c8ce2244889cbbc1e194e1e3a905bdc30db26ff20
406,1779498000000,rl-qlearn,BTCUSDT,buy,75482.53215119106,0.026470468223666662,1998.05796875,1.19883478125,-1.797918,9796.611463,ALLOW,87b9475154312ddbb2ae6c0ebe0b0bee9929d95a8cfba7e06843f85ef717b316
407,1779534000000,rl-qlearn,BTCUSDT,sell,74730.875505066,0.026762699974850694,2000.0,1.2,-1.80014,9794.816968,ALLOW_CAPPED,a9d6938ae70d8dd906b55dd3a5162931a2e39630b9d11a24408ac4bc616367b5
408,1779537600000,rl-qlearn,BTCUSDT,buy,74737.616054304,0.026760286259957897,2000.0,1.2,-1.79986,9794.037069,ALLOW_CAPPED,75c646514d26a699e735028187b5ca3cbeeda89914fc2ebb8ee890aa5653399f
409,1779588000000,rl-qlearn,BTCUSDT,buy,76798.834275516,0.026042061951422276,2000.0,1.2,-1.79986,9792.215746,ALLOW_CAPPED,cf8e7033359ed3456e03673f9256fa8162239c2b98c5322497c8c46a40e3baac
410,1779591600000,rl-qlearn,BTCUSDT,sell,76673.50584734048,0.026039515968203933,1996.54097985,1.19792458791,-1.796681,9788.35475,ALLOW,3096fc9b0b842d6a6ebe39777f66d443d6d499bd048e3dcd7e4d2c5d57d5860a
411,1779602400000,rl-qlearn,BTCUSDT,buy,76964.58398883,0.02598597817783649,2000.0,1.2,-1.79986,9786.552978,ALLOW_CAPPED,d08c0916da8745bef54b829dd940c94423f1c691c9dd2ab42a24db8e71fc364f
412,1779606000000,rl-qlearn,BTCUSDT,sell,76738.19575762127,0.02598595897000815,1994.11560639,1.196469363834,-1.794257,9780.074857,ALLOW,45d9222325bb5f57201d61cebdacd59b8b3f18569fe83cc9f8b2e619b8e43eb8
413,1779976800000,rl-qlearn,BTCUSDT,buy,73019.800829958,0.027389830939931234,2000.0,1.2,-1.79986,9778.304416,ALLOW_CAPPED,aeee32c86ff8f1d343a86ef6a0f0e3e4eecf3df52038d9251542f547a4f63b78
414,1779980400000,rl-qlearn,BTCUSDT,sell,72880.4445673028,0.027390254660927038,1996.2139365,1.1977283618999999,-1.796354,9773.890338,ALLOW,428398703ca8d13b384c17c1234e22e15ca28f06ccd6e186260ca91c2ecf59d4
415,1779984000000,rl-qlearn,BTCUSDT,buy,73439.626748352,0.027233253878770295,2000.0,1.2,-1.79986,9772.086302,ALLOW_CAPPED,e875a28e47690ee43a64a822ab588b7e9e144a11e70b03600af74a7789d1e85a
416,1779987600000,rl-qlearn,BTCUSDT,sell,73490.147810244,0.027214532282124684,2000.0,1.2,-1.80014,9772.861651,ALLOW_CAPPED,53ae5940171441d8850d5663f4253c26062e0af7ad573bbf91537111686e560c
417,1780088400000,rl-qlearn,BTCUSDT,sell,73363.08593770201,0.027261666742022645,2000.0,1.2,-1.80014,9771.060109,ALLOW_CAPPED,3c9e48f3c31b927c3a346ebf9ba23150d4a010b1e076173890a310c44a918705
418,1780092000000,rl-qlearn,BTCUSDT,buy,73477.13799910201,0.027219350868353673,2000.0,1.2,-1.79986,9767.352668,ALLOW_CAPPED,b772a0127d81d551bab2e91133a26cb3ae3ec23a36e92532fbe56140e4351188
419,1780156800000,rl-qlearn,BTCUSDT,buy,73918.770457932,0.02705672710205891,2000.0,1.2,-1.79986,9765.539022,ALLOW_CAPPED,4c54b8a2d4f9fa216848f06f4106d4a446ae8ad47d862bd9293707a70f8b3610
420,1780160400000,rl-qlearn,BTCUSDT,sell,73952.81205445694,0.02703302972546688,1999.16856655,1.19950113993,-1.799309,9765.858467,ALLOW,1f4ce884c8a4f14b7b850c6e6e2acf6419ad1d97de345507e694b2c0b887adab
421,1780304400000,rl-qlearn,BTCUSDT,buy,72890.36200737,0.02743846984595547,2000.0,1.2,-1.79986,9764.067696,ALLOW_CAPPED,ae605c67fe5dfad10e42c51c0f712b7c3c2c07534fcdef16e0c5f8c6947b009f
422,1780308000000,rl-qlearn,BTCUSDT,sell,72709.99987914345,0.027438585851136472,1995.05957392,1.197035744352,-1.7952,9758.522765,ALLOW,e073be17c0dfa08ed6db18d4fbf7bf17eea7d5f55262c31970fcc342807126ad
423,1780318800000,rl-qlearn,BTCUSDT,buy,71733.815124246,0.027880853632779957,2000.0,1.2,-1.79986,9756.731289,ALLOW_CAPPED,1d451f362446a618afd967e907c972a21007679a6870c50456798fb8dbeae177
424,1780322400000,rl-qlearn,BTCUSDT,sell,71548.54887999698,0.027880985934401026,1994.84408495,1.19690645097,-1.794985,9750.970029,ALLOW,f572581c38a2c3af8b8677187ce8dc0e9465591122041670e6b3051276b68a57
425,1780362000000,rl-qlearn,BTCUSDT,buy,70649.589932568,0.02830872765020879,2000.0,1.2,-1.79986,9749.178157,ALLOW_CAPPED,a04e3f7c5a05a49f26c72fce1ac684766731c0913edb670d1a495da260176141
426,1780365600000,rl-qlearn,BTCUSDT,sell,70818.649446798,0.02824114856218044,2000.0,1.2,-1.80014,9753.363546,ALLOW_CAPPED,d98d5ed99bff022d61757e5c476cca4f245d5157661a5a1ba8899b16b6320dba
427,1780383600000,rl-qlearn,BTCUSDT,sell,70074.872631918,0.028540900966105096,2000.0,1.2,-1.80014,9751.519344,ALLOW_CAPPED,5616503120419e77d2c7baa2bb2994c201cdfd3a3d44f3326f8d412afc762baf
428,1780387200000,rl-qlearn,BTCUSDT,buy,69826.20169949775,0.028473152754695818,1988.17210727,1.192903264362,-1.788041,9758.206897,ALLOW,73caddae9b1f00b6c6a2a689a212de67060845be51f0e6208d03cebb21d5c780
429,1780452000000,rl-qlearn,BTCUSDT,buy,66603.776471676,0.030028327310396917,2000.0,1.2,-1.79986,9756.434602,ALLOW_CAPPED,698a44475d076b46aae7a3c929a00fba5fab0b0a1201c35dfe84c560459c3258
430,1780455600000,rl-qlearn,BTCUSDT,sell,65803.75426647,0.030393402660600033,2000.0,1.2,-1.80014,9731.810406,ALLOW_CAPPED,1c2c22a7a8764d901cdb9761cbf59b46ee022642f916c4e685d9e6e3eeee8c85
431,1780621200000,rl-qlearn,BTCUSDT,buy,63362.70437687399,0.031564309315212195,2000.0,1.2,-1.79986,9730.941684,ALLOW_CAPPED,80370e1f86c491c277b150c73d8742e817ef1e8956e37b96bda69c22320d2c86
432,1780624800000,rl-qlearn,BTCUSDT,sell,62571.224251800006,0.03196357469292229,2000.0,1.2,-1.80014,9705.633107,ALLOW_CAPPED,6878804a8a034be53b4837a10fe5494c7b519e4e127a5fef99415a3ff7897e38
433,1780678800000,rl-qlearn,BTCUSDT,buy,60802.73656569,0.03289325633952745,2000.0,1.2,-1.79986,9705.231913,ALLOW_CAPPED,73bac0b11babcc52e3e9f15ae275de9a9fdc4b3fb458628fa400c2524754afd8
434,1780682400000,rl-qlearn,BTCUSDT,sell,59349.86728297576,0.03212987871477493,1906.90403754,1.144142422524,-1.707466,9658.006642,ALLOW,335f9e858faa7cc64fa50dc9a6ac9f1c5c079340d3455be357d86a77c9d742e2
435,1780772400000,rl-qlearn,BTCUSDT,sell,60545.032251264005,0.0330332634343959,2000.0,1.2,-1.80014,9656.195121,ALLOW_CAPPED,7d829e6fd928fabc988e107de7e4a799ea5883203f5cc1b7c98e14b7d4407a98
436,1780776000000,rl-qlearn,BTCUSDT,buy,60703.006653696,0.032947297181007536,2000.0,1.2,-1.79986,9650.377263,ALLOW_CAPPED,bb814f14206c559ade86e21b2a6e6154c104497a20c183095293fa3bcb42fef7
437,1780927200000,rl-qlearn,BTCUSDT,buy,63955.88228873399,0.031271556711090914,2000.0,1.2,-1.79986,9648.267174,ALLOW_CAPPED,973b4e484843ef55fb6803a69177d69a6fdd791398a53a14f24544151a7571e5
438,1780930800000,rl-qlearn,BTCUSDT,sell,63730.916189721465,0.03118543716166661,1987.47648209,1.192485889254,-1.787623,9640.658973,ALLOW,e9a6d533f3e4fbe924db2ebb01a05199f49989c79df87b59dee942534e60d7f1
439,1781002800000,rl-qlearn,BTCUSDT,sell,62665.296023682,0.03191559167364621,2000.0,1.2,-1.80014,9638.868796,ALLOW_CAPPED,2eccd3d653cdb703b0fd4c8babb41aff9f9f7003ffced469058f4ff77e691078
440,1781006400000,rl-qlearn,BTCUSDT,buy,62632.68211654848,0.03191535359607168,1998.94419642,1.199366517852,-1.798804,9639.311121,ALLOW,c40582ca931722fab1bbbe1afee905d0eb4c34257433679557d9435dca447b6b
441,1781092800000,rl-qlearn,BTCUSDT,buy,61551.46113066,0.032493136040336185,2000.0,1.2,-1.79986,9637.52161,ALLOW_CAPPED,1e6f593959e19f89ddfd3a2c098df6351a8b688860c07773aeec9fdab7eaa9a6
442,1781096400000,rl-qlearn,BTCUSDT,sell,62097.266472318006,0.03220753687912444,2000.0,1.2,-1.80014,9654.656138,ALLOW_CAPPED,6e9697f9288bc7eab4e62ec085bea3793bf17b84358e59ba94db2db8f3586736
443,1781100000000,rl-qlearn,BTCUSDT,sell,62151.250273398,0.03217956181415776,2000.0,1.2,-1.80014,9652.870904,ALLOW_CAPPED,ab26026502010337fa425eaa0fdd4be63e238b554242d90eb9ee0f3ffe45b0da
444,1781103600000,rl-qlearn,BTCUSDT,buy,62616.47144678226,0.03189397202710991,1997.08798876,1.1982527932559999,-1.796949,9637.425622,ALLOW,0416d2a1cdfc109a5638d55d324a98ad45854e4a74bdb64961afb52579d5d9bb
445,1781136000000,rl-qlearn,BTCUSDT,buy,61815.04018593,0.032354585453383385,2000.0,1.2,-1.79986,9635.633436,ALLOW_CAPPED,2c5c8129864200aeba066d756a71e4260a60b113a1448baa544f0ccff9f7100f
446,1781139600000,rl-qlearn,BTCUSDT,sell,62158.34814354,0.03217588722566232,2000.0,1.2,-1.80014,9646.140577,ALLOW_CAPPED,d722c86a720b5551414c07b239a124bc70157a258d8694fefab0fa8792c27884
447,1781164800000,rl-qlearn,BTCUSDT,sell,62898.526038348005,0.031797247502757676,2000.0,1.2,-1.80014,9644.466387,ALLOW_CAPPED,ccb4fd2899b5cbe22dcf231bacfc80d4c0fcf0c9cf72191f2553a655de5bd121
448,1781168400000,rl-qlearn,BTCUSDT,buy,62910.33455275078,0.03161864440606483,1989.13949769,1.193483698614,-1.789007,9643.496549,ALLOW,65bc9d9beb6948b7751e9e73689ab728b452f581b40e3e5a28c97d9ab063c038
449,1781172000000,rl-qlearn,BTCUSDT,buy,63123.732702096,0.031683804401091614,2000.0,1.2,-1.79986,9641.694669,ALLOW_CAPPED,443807f7230498ecd9e6748a4c523d78ab479356c4487699835977af74f9a44d
450,1781175600000,rl-qlearn,BTCUSDT,sell,63050.68767257888,0.03168383620118399,1997.68766059,1.198612596354,-1.797828,9638.781905,ALLOW,70cf3a21751ef9a802002ffecd34b58d62f34a6c0b8ddaf3da543ad2afe086d3
451,1781233200000,rl-qlearn,BTCUSDT,buy,63509.548419809995,0.03149132767847168,2000.0,1.2,-1.79986,9636.978001,ALLOW_CAPPED,92becf585f0828a6000cb505f3a1f00f05bf819757368a89dd1467fd6ce8a563
452,1781236800000,rl-qlearn,BTCUSDT,sell,63647.801203338,0.0314229236860913,2000.0,1.2,-1.80014,9640.731255,ALLOW_CAPPED,1bee4a0389601cf1103d593f4c1d5120bbdc4fa099d2b59993eecf87a1aba077
453,1781244000000,rl-qlearn,BTCUSDT,buy,62974.087819103996,0.031759094403162984,2000.0,1.2,-1.79986,9638.889474,ALLOW_CAPPED,a13926fd248131a0f7b598d37276e92f6c6f5f90a137be015738ad1255b46f71
454,1781247600000,rl-qlearn,BTCUSDT,sell,63051.280201404,0.03172021239872406,2000.0,1.2,-1.80014,9640.748403,ALLOW_CAPPED,da220ae47ba7a503f823c96c1ffb980bd6d240278d17e49c0f717f744b6e3ca9
455,1781269200000,rl-qlearn,BTCUSDT,buy,63222.762404076,0.031634176109189734,2000.0,1.2,-1.79986,9638.961595,ALLOW_CAPPED,62a62c13d30ba96efdf4f517b75f8348a3ff029cef4117a01971970c7308819e
456,1781272800000,rl-qlearn,BTCUSDT,sell,63948.111089346006,0.03127535694065571,2000.0,1.2,-1.80014,9661.388807,ALLOW_CAPPED,fb75a5725f12a81aee893cac1301d7364089b1536ce5ff345465782164a64a6b
457,1781276400000,rl-qlearn,BTCUSDT,buy,63580.86981123601,0.031456002504177134,2000.0,1.2,-1.79986,9659.403794,ALLOW_CAPPED,81faa003e94432d2751c9a287ea6c947f869f065969b8a877127f9f8e5fea69c
458,1781280000000,rl-qlearn,BTCUSDT,buy,63964.68492891,0.03126725320734072,2000.0,1.2,-1.79986,9669.893696,ALLOW_CAPPED,a715a2530b21ddf0ab9eb23b6dc4c09a3daa662affb5f2e82af9c2f02e89f00b
459,1781283600000,rl-qlearn,BTCUSDT,buy,63845.11536662892,0.012507363473375195,798.53406389,0.47912043833400003,-0.670675,9661.913111,ALLOW,7258bccb532fea21dbbbb174d23ba1e834b6244b65041ceae281941f7d5eba82
460,1781294400000,rl-qlearn,BTCUSDT,sell,63400.975268400005,0.03154525607111331,2000.0,1.2,-1.80014,9629.096347,ALLOW_CAPPED,c37e3d63b3bc83b7699544edd83295ffe07b70c648ead73a182f24ec297d663f
461,1781298000000,rl-qlearn,BTCUSDT,sell,63428.367048948,0.031531633132799865,2000.0,1.2,-1.80014,9628.505697,ALLOW_CAPPED,7f79ba1cd4542e7c06f5e9eaa7f7f3209cd500e9c986a347dc7561c282b425e2
462,1781301600000,rl-qlearn,BTCUSDT,sell,63463.26450916494,0.012613361628196724,800.48510536,0.480291063216,-0.672462,9628.225416,ALLOW,2fb9abb4b48ef26665058e3ec6f4905782a70ab1adc64df3148205772a47bcd3
463,1781305200000,rl-qlearn,BTCUSDT,buy,63571.66705105199,0.031460556137278516,2000.0,1.2,-1.79986,9626.425332,ALLOW_CAPPED,51aff5db65fb748a44c10a9c2244d8c1ed131dcdbd6663a843c712f598c89b53
464,1781308800000,rl-qlearn,BTCUSDT,sell,63559.82760157801,0.031466416374457656,2000.0,1.2,-1.80014,9625.296522,ALLOW_CAPPED,69327081d23e21f4c8e9739e96d8f1b6c6ba80fa69413b65aba346663fff3e08
465,1781370000000,rl-qlearn,BTCUSDT,sell,63924.718108878,0.03128680202536921,2000.0,1.2,-1.80014,9623.493119,ALLOW_CAPPED,db7c7fbf094caad450360d6a3e9c7c09277539d9eaea57bfa9928ea016025534
466,1781373600000,rl-qlearn,BTCUSDT,buy,64144.138752498,0.03117977790172002,2000.0,1.2,-1.79986,9616.028739,ALLOW_CAPPED,c2f02273ade0afc79f077a82e1cc4bc1c9330aa5da4a09965e378a1afe454f5c
467,1781431200000,rl-qlearn,BTCUSDT,buy,64511.34888984,0.0310022970286238,2000.0,1.2,-1.79986,9614.185887,ALLOW_CAPPED,3c6e7766859414808820171e5871588b42fe5e42f6abbcca06d9f48c4ad045cb
468,1781434800000,rl-qlearn,BTCUSDT,sell,64493.37146331933,0.03089564192055416,1992.56411098,1.195538466588,-1.792706,9613.032529,ALLOW,d564494b9d0710edd571420118ce70fefd66dae4c39dde24c59caf48ed5349e0
469,1781535600000,rl-qlearn,BTCUSDT,buy,67265.67499490999,0.029732846658438207,2000.0,1.2,-1.79986,9611.207361,ALLOW_CAPPED,adea59428ef2a685aaf5849034c2aa5f6959a74e3a2040ed91973a2b7a537c91
470,1781539200000,rl-qlearn,BTCUSDT,sell,67098.0826808292,0.029732501783840026,1994.993863,1.1969963178,-1.795135,9605.877788,ALLOW,7a5ee528327333ce76edff19c58a63fad3343132f418ab7441b9ac404a4bb372
471,1781546400000,rl-qlearn,BTCUSDT,sell,66702.98443446,0.02998366590276226,2000.0,1.2,-1.80014,9604.08117,ALLOW_CAPPED,56723fbf4661333ae8c9a70adff5b79a328f371c4ac906c5ea53a692b596c383
472,1781550000000,rl-qlearn,BTCUSDT,buy,66601.16550970403,0.02998358652671083,1996.94180884,1.198165085304,-1.796803,9606.537315,ALLOW,97fe0ce9a33c916df4ed93b356547f8984dcde66beccac8901a62674df3d31b8
473,1781607600000,rl-qlearn,BTCUSDT,buy,66475.83809911799,0.030086119365925472,2000.0,1.2,-1.79986,9604.738562,ALLOW_CAPPED,476c8e4fe8ebbba14d604598b87ad2dc69a0b3763a882cfcbfc455899be749ec
474,1781611200000,rl-qlearn,BTCUSDT,sell,66375.09288264341,0.03008614896224413,1996.97093185,1.19818255911,-1.797111,9601.109753,ALLOW,5470f2b9869070d4d77e2303f8c46937653470c6aae23d9411dae2caa1782e60
475,1781762400000,rl-qlearn,BTCUSDT,sell,64040.683311198,0.031230147721585673,2000.0,1.2,-1.80014,9599.330743,ALLOW_CAPPED,9f7475d6762e981e05831f5049ae1475843b48defbf0b370eee615c34ed61dd9
476,1781766000000,rl-qlearn,BTCUSDT,buy,64492.04309945399,0.031011577613005294,2000.0,1.2,-1.79986,9584.635354,ALLOW_CAPPED,67780b0c809818e862eb7900d27bdb561b98f153189a762bc5c92930bffaf5ed
477,1781791200000,rl-qlearn,BTCUSDT,buy,63799.235305602,0.03134833811753206,2000.0,1.2,-1.79986,9582.994134,ALLOW_CAPPED,f7d1796617053377900030589645422e187537943ac8c6edb3d07aeff4f23b42
478,1781794800000,rl-qlearn,BTCUSDT,sell,62322.1857622855,0.031129992455496518,1940.08917259,1.164053503554,-1.740402,9536.458529,ALLOW,15d2d9730f0d4779ffeec4d2bacecb7a3fd8adbf82c724a67c1a552f1b182779
479,1781805600000,rl-qlearn,BTCUSDT,buy,62696.504563553994,0.031899704998269024,2000.0,1.2,-1.79986,9534.655579,ALLOW_CAPPED,f34306c51ad702ee46f472182e5529477a4bb1cf9443d10fb644f4423128a929
480,1781809200000,rl-qlearn,BTCUSDT,sell,62896.526638308,0.03179825829653799,2000.0,1.2,-1.80014,9540.435801,ALLOW_CAPPED,ab9bbb885831c38776dc2aa476393803ae27f09ea8f5c6b1d77c88663134a5ff
481,1781830800000,rl-qlearn,BTCUSDT,sell,62973.803449854,0.03175923781692174,2000.0,1.2,-1.80014,9538.642875,ALLOW_CAPPED,a21eb5810e4a56937148e2af087138579f672c533aa2fc71366f4a1321cc7a61
482,1781834400000,rl-qlearn,BTCUSDT,buy,62988.67351734526,0.031657547743260406,1994.06693916,1.1964401634959998,-1.793929,9537.574121,ALLOW,c1feff0e7f55724f7e03a5ac8decfba3f7bab91846748f1daccdbd45be53ab1e
483,1781859600000,rl-qlearn,BTCUSDT,buy,62372.307327072,0.03206551249599071,2000.0,1.2,-1.79986,9535.780105,ALLOW_CAPPED,6dff02d71c2530c8fdb960fe04b474d02d41935d5f85d89a0075ea2769aca071
484,1781863200000,rl-qlearn,BTCUSDT,sell,62483.650530048,0.032008373118952334,2000.0,1.2,-1.80014,9538.749901,ALLOW_CAPPED,7db2ce77df93d05582d8fcf5249beda74821ee6a77c382f84cf80761189e0ea2
485,1781874000000,rl-qlearn,BTCUSDT,sell,63155.04906348,0.03166809351996084,2000.0,1.2,-1.80014,9536.981763,ALLOW_CAPPED,9ba751d3f8fae54c9ffc145eac7ab473b3475609e76e49cb077bcebb540bffcd
486,1781877600000,rl-qlearn,BTCUSDT,buy,63188.24397078529,0.031610962771706476,1997.44122777,1.198464736662,-1.797302,9535.333077,ALLOW,6a27766032186a11e3d28f35f146379e36903780ac6b8aaefffcc64e57675311
487,720000,rl-qlearn,BTCUSDT,sell,101.11073593957624,19.780293174754455,2000.0,1.2,-1.80014,9998.19986,ALLOW_CAPPED,7e12ea8f74611ddd17bf325951f5e000cbb92308e1f026275f9ec0d163d33682
488,780000,rl-qlearn,BTCUSDT,buy,101.25490158665758,19.75213020466301,2000.0,1.2,-1.79986,9994.749217,ALLOW_CAPPED,6fcf36bdd536c7f2112a2ccf54e1026d77e59249f1c216f4094ffe532fe7a6bd
489,960000,rl-qlearn,BTCUSDT,buy,101.77108757618248,19.65194681154278,2000.0,1.2,-1.79986,9992.934824,ALLOW_CAPPED,eabdc9e07191c0aec38e47aa900af4060346d3f3a7fd20bc2052eef5728fd445
490,1020000,rl-qlearn,BTCUSDT,sell,101.10834591778217,19.629657352657198,1984.72218586,1.190833311516,-1.784872,9979.337314,ALLOW,8c9ef1560526c925b512f2513ffebdd472a76d5368b9f38e760f9f510b773dbe
491,1080000,rl-qlearn,BTCUSDT,sell,100.70679123148547,19.85963384934769,2000.0,1.2,-1.80014,9977.539533,ALLOW_CAPPED,8d4360e028e68c791e2daf528e68cfb112c86235798e833b1fe896b09c53e8b4
492,1140000,rl-qlearn,BTCUSDT,buy,100.96830973292865,19.80819531682962,2000.0,1.2,-1.79986,9971.746388,ALLOW_CAPPED,5bb6c615bd7adb2af0a817d3f5078be610dd19dfba35c0c80c3dcf39d314b2bf
493,1200000,rl-qlearn,BTCUSDT,sell,101.50231229781181,19.70398461595555,2000.0,1.2,-1.80014,9969.912162,ALLOW_CAPPED,85d7039724167f671e735ccda0d01b2641d1b1e5ccca53d01d065c4c2977429e
494,1260000,rl-qlearn,BTCUSDT,buy,103.49606412962375,19.324406360952025,2000.0,1.2,-1.79986,9929.928488,ALLOW_CAPPED,f887b4e06ac14552ff8535256cd902e202d3fa674b894e3c92db4804145c7634
495,2460000,rl-qlearn,BTCUSDT,sell,100.90137077072983,19.8213362685076,2000.0,1.2,-1.80014,9929.235155,ALLOW_CAPPED,46124d0d01bcf33d68962e4926b5ee8f2be0b4d074c989ea1f15fd59360f070b
496,2520000,rl-qlearn,BTCUSDT,sell,97.97384305986394,20.413611812470812,2000.0,1.2,-1.80014,9986.75933,ALLOW_CAPPED,7dbb1521c05a6224c238902d9512ce573afec7e65d4594f3e72fa0c7ee0ccdc8
497,2580000,rl-qlearn,BTCUSDT,sell,98.71932003631757,9.747096756399953,962.22676412,0.577336058472,-0.81612,9955.822624,ALLOW,e0b7b7601421205d1a11dcd2f04952023458fa8ff0dddcfaab58528f15a1f669
498,2760000,rl-qlearn,BTCUSDT,buy,100.25842330041381,19.948448560847705,2000.0,1.2,-1.79986,9879.174102,ALLOW_CAPPED,8f53c8d7b41d7754b02a406f25d0cebb560ad4e60266ff0b777f4a3c2491f4e4
499,2820000,rl-qlearn,BTCUSDT,buy,102.55175906472742,19.502347090288946,2000.0,1.2,-1.79986,9807.516145,ALLOW_CAPPED,7d2a86babee82ad98c93fdf8cdd36804e959a0425ace9ca5ed9a990f2cee192a
500,2880000,rl-qlearn,BTCUSDT,buy,102.33312048142542,10.96533102861528,1122.11654127,0.673269924762,-0.960594,9808.903645,ALLOW,828c8123da1d79d7514a02eec18b10a017735e4396935d9a19edec7916bde772
501,3000000,rl-qlearn,BTCUSDT,sell,100.90140625655823,19.821329297578618,2000.0,1.2,-1.80014,9807.107367,ALLOW_CAPPED,e4e9cdca53e675677f45792dad6a1b37885aa73ed1d0df0e5a73be1cd4899398
502,3060000,rl-qlearn,BTCUSDT,buy,100.37882875038476,19.818202472923105,1989.32795217,1.193596771302,-1.789195,9816.873822,ALLOW,5e092be796815f0294831121ed992ec6b10201e37ae0ea1d9c6bdd62fd3be13c
503,3120000,rl-qlearn,BTCUSDT,sell,99.93701665195162,20.012604608414062,2000.0,1.2,-1.80014,9815.075948,ALLOW_CAPPED,d2ab65b3d68443fd7ae57dadf83ed19414ed635fb26416cc4abb6c03ed205a67
504,3180000,rl-qlearn,BTCUSDT,buy,100.1475730572854,19.970528879975756,2000.0,1.2,-1.79986,9810.262677,ALLOW_CAPPED,c5d849dccb83a86e811275e659d7ecf65ef2329a00bdd0f551adfd3a4b769752
505,3360000,rl-qlearn,BTCUSDT,buy,101.66206991039049,19.673020643420795,2000.0,1.2,-1.79986,9808.390126,ALLOW_CAPPED,98a6a18c16423925f5674705f2478fb0fe83bcbc727c93612c05464831b063b0
506,3420000,rl-qlearn,BTCUSDT,buy,101.22148504416138,19.75865103270744,2000.0,1.2,-1.79986,9797.946377,ALLOW_CAPPED,f069457a56e5a0487b2898daefe89d9c62142186d2604e736c8cbf453ad6d6c3
507,3480000,rl-qlearn,BTCUSDT,buy,101.92578198949059,8.827218281658794,899.72112615,0.53983267569,-0.760211,9825.136378,ALLOW,b1d16a75c6481f3e3fa3dd15d83a4a5cbd034a5ec1292b6a4b82b0e1a7eb0184
